fixture_id,date,jornada,home,away,fuente,referee,mercado,side_label,linea,p_over_model,edge,bet,odds,actual,won,pnl
202508157464C66C,2025-08-15,1,Girona FC,Rayo Vallecano,CONSENSUS_CODERE_STYLE,Alberola Rojas,Team Total Fouls,visitante,13.5,0.5464,0.056,over,1.86,17,1,0.86
20250816311336D3,2025-08-16,1,Real Club Deportivo Mallorca,FC Barcelona,CONSENSUS_CODERE_STYLE,Munuera Montero,Total Fouls,total,22.5,0.5654,0.0846,over,1.9,25,1,0.9
20250816311336D3,2025-08-16,1,Real Club Deportivo Mallorca,FC Barcelona,CONSENSUS_CODERE_STYLE,Munuera Montero,Team Total Fouls,visitante,10.5,0.4381,0.0661,under,1.84,17,0,-1.0
20250816C4E80080,2025-08-16,1,Valencia CF,Real Sociedad de Fútbol,CONSENSUS_CODERE_STYLE,Sánchez Martínez,Team Total Fouls,visitante,13.5,0.5283,0.0812,over,2.04,11,0,-1.0
202508176A015A17,2025-08-17,1,Real Club Celta de Vigo,Getafe CF,CONSENSUS_CODERE_STYLE,Galech Apezteguía,Team Total Fouls,local,12.5,0.5218,0.0531,over,1.95,15,1,0.95
202508176A015A17,2025-08-17,1,Real Club Celta de Vigo,Getafe CF,CONSENSUS_CODERE_STYLE,Galech Apezteguía,Team Total Fouls,visitante,15.5,0.4188,0.0511,under,1.72,17,0,-1.0
2025081790E77D5A,2025-08-17,1,Athletic Club Bilbao,Sevilla FC,CONSENSUS_CODERE_STYLE,Hernández Maeso,Total Fouls,total,24.5,0.3966,0.0816,under,1.75,20,1,0.75
2025081790E77D5A,2025-08-17,1,Athletic Club Bilbao,Sevilla FC,CONSENSUS_CODERE_STYLE,Hernández Maeso,Team Total Fouls,visitante,12.5,0.3991,0.0763,under,1.74,12,1,0.74
20250819781D784F,2025-08-19,1,Real Madrid CF,CA Osasuna,CONSENSUS_CODERE_STYLE,Cordero Vega,Total Fouls,total,23.5,0.5464,0.0668,over,1.91,22,0,-1.0
20250819781D784F,2025-08-19,1,Real Madrid CF,CA Osasuna,CONSENSUS_CODERE_STYLE,Cordero Vega,Team Total Fouls,local,8.5,0.416,0.0868,under,1.84,10,0,-1.0
20250819781D784F,2025-08-19,1,Real Madrid CF,CA Osasuna,CONSENSUS_CODERE_STYLE,Cordero Vega,Team Total Fouls,visitante,14.5,0.5957,0.108,over,1.87,12,0,-1.0
20250822873BB34F,2025-08-22,2,Real Betis Balompié,Deportivo Alavés,CONSENSUS_CODERE_STYLE,Ortiz Arias,Team Total Fouls,visitante,13.5,0.5605,0.0536,over,1.8,17,1,0.8
202508236290E529,2025-08-23,2,Club Atlético de Madrid,Elche CF,CONSENSUS_CODERE_STYLE,Soto Grado,Total Fouls,total,23.5,0.5464,0.0601,over,1.88,21,0,-1.0
202508234FCD1A16,2025-08-23,2,Levante UD,FC Barcelona,CONSENSUS_CODERE_STYLE,Hernández Hernández,Total Fouls,total,22.5,0.635,0.1295,over,1.81,18,0,-1.0
202508234FCD1A16,2025-08-23,2,Levante UD,FC Barcelona,CONSENSUS_CODERE_STYLE,Hernández Hernández,Team Total Fouls,visitante,10.5,0.6247,0.1425,over,1.89,8,0,-1.0
20250824E6BA223F,2025-08-24,2,CA Osasuna,Valencia CF,CONSENSUS_CODERE_STYLE,Gil Manzano,Team Total Fouls,local,12.5,0.5651,0.0815,over,1.89,14,1,0.89
2025082406D68B15,2025-08-24,2,Villarreal CF,Girona FC,CONSENSUS_CODERE_STYLE,Cuadra Fernández,Total Fouls,total,22.5,0.5729,0.0538,over,1.76,17,0,-1.0
20250824F27D6B5D,2025-08-24,2,Real Sociedad de Fútbol,Reial Club Deportiu Espanyol,CONSENSUS_CODERE_STYLE,Quintero González,Team Total Fouls,local,12.5,0.5538,0.073,over,1.9,16,1,0.9
202508247D9655E8,2025-08-24,2,Real Oviedo,Real Madrid CF,CONSENSUS_CODERE_STYLE,De Burgos Bengoetxea,Total Fouls,total,21.5,0.3962,0.0833,under,1.76,15,1,0.76
202508247D9655E8,2025-08-24,2,Real Oviedo,Real Madrid CF,CONSENSUS_CODERE_STYLE,De Burgos Bengoetxea,Team Total Fouls,local,13.5,0.3502,0.1471,under,1.82,8,1,0.82
202508247D9655E8,2025-08-24,2,Real Oviedo,Real Madrid CF,CONSENSUS_CODERE_STYLE,De Burgos Bengoetxea,Team Total Fouls,visitante,8.5,0.3764,0.1195,under,1.81,7,1,0.81
2025082556C509E7,2025-08-25,2,Sevilla FC,Getafe CF,CONSENSUS_CODERE_STYLE,Díaz de Mera,Team Total Fouls,local,13.5,0.5218,0.0666,over,2.01,10,0,-1.0
2025082556C509E7,2025-08-25,2,Sevilla FC,Getafe CF,CONSENSUS_CODERE_STYLE,Díaz de Mera,Team Total Fouls,visitante,14.5,0.402,0.0884,under,1.79,24,0,-1.0
20250827B605B644,2025-08-27,6,Real Club Celta de Vigo,Real Betis Balompié,CONSENSUS_CODERE_STYLE,Gil Manzano,Team Total Fouls,local,12.5,0.6122,0.1408,over,1.94,13,1,0.94
20250827B605B644,2025-08-27,6,Real Club Celta de Vigo,Real Betis Balompié,CONSENSUS_CODERE_STYLE,Gil Manzano,Team Total Fouls,visitante,12.5,0.4026,0.0878,under,1.79,11,1,0.79
2025082947B71A6A,2025-08-29,3,Elche CF,Levante UD,CONSENSUS_CODERE_STYLE,Galech Apezteguía,Team Total Fouls,visitante,13.5,0.6305,0.1346,over,1.84,17,1,0.84
20250829835E455C,2025-08-29,3,Valencia CF,Getafe CF,CONSENSUS_CODERE_STYLE,Hernández Maeso,Total Fouls,total,29.5,0.3608,0.1623,under,1.92,25,1,0.92
20250829835E455C,2025-08-29,3,Valencia CF,Getafe CF,CONSENSUS_CODERE_STYLE,Hernández Maeso,Team Total Fouls,visitante,17.5,0.3814,0.1255,under,1.85,7,1,0.85
20250830E506E972,2025-08-30,3,Real Oviedo,Real Sociedad de Fútbol,CONSENSUS_CODERE_STYLE,Cordero Vega,Total Fouls,total,23.5,0.3548,0.1561,under,1.87,25,0,-1.0
20250830E506E972,2025-08-30,3,Real Oviedo,Real Sociedad de Fútbol,CONSENSUS_CODERE_STYLE,Cordero Vega,Team Total Fouls,local,12.5,0.3143,0.1316,under,1.65,7,1,0.65
20250830E506E972,2025-08-30,3,Real Oviedo,Real Sociedad de Fútbol,CONSENSUS_CODERE_STYLE,Cordero Vega,Team Total Fouls,visitante,12.5,0.3252,0.1652,under,1.79,18,0,-1.0
20250830DE619E17,2025-08-30,3,Real Madrid CF,Real Club Deportivo Mallorca,CONSENSUS_CODERE_STYLE,Sánchez Martínez,Total Fouls,total,21.5,0.664,0.164,over,1.83,19,0,-1.0
20250830DE619E17,2025-08-30,3,Real Madrid CF,Real Club Deportivo Mallorca,CONSENSUS_CODERE_STYLE,Sánchez Martínez,Team Total Fouls,visitante,13.5,0.6264,0.1415,over,1.88,7,0,-1.0
20250831302ECB99,2025-08-31,3,Real Betis Balompié,Athletic Club Bilbao,CONSENSUS_CODERE_STYLE,Díaz de Mera,Team Total Fouls,local,11.5,0.395,0.0804,under,1.74,9,1,0.74
20250831302ECB99,2025-08-31,3,Real Betis Balompié,Athletic Club Bilbao,CONSENSUS_CODERE_STYLE,Díaz de Mera,Team Total Fouls,visitante,14.5,0.5799,0.1072,over,1.93,16,1,0.93
2025083125BD139F,2025-08-31,3,Reial Club Deportiu Espanyol,CA Osasuna,CONSENSUS_CODERE_STYLE,Sesma Espinosa,Team Total Fouls,visitante,13.5,0.5342,0.0804,over,2.01,14,1,1.01
202508310A0903A3,2025-08-31,3,Rayo Vallecano,FC Barcelona,CONSENSUS_CODERE_STYLE,Busquets Ferrer,Team Total Fouls,visitante,10.5,0.4555,0.0541,under,1.86,8,1,0.86
20250912B64340F4,2025-09-12,4,Sevilla FC,Elche CF,CONSENSUS_CODERE_STYLE,Alberola Rojas,Team Total Fouls,local,13.5,0.6333,0.1552,over,1.91,23,1,0.91
20250912B64340F4,2025-09-12,4,Sevilla FC,Elche CF,CONSENSUS_CODERE_STYLE,Alberola Rojas,Team Total Fouls,visitante,12.5,0.4106,0.0648,under,1.74,19,0,-1.0
202509136D8FB701,2025-09-13,4,Getafe CF,Real Oviedo,CONSENSUS_CODERE_STYLE,Guzmán Mansilla,Total Fouls,total,27.5,0.3812,0.1352,under,1.89,30,0,-1.0
202509136D8FB701,2025-09-13,4,Getafe CF,Real Oviedo,CONSENSUS_CODERE_STYLE,Guzmán Mansilla,Team Total Fouls,visitante,13.5,0.3057,0.1819,under,1.78,18,0,-1.0
202509137722D0D0,2025-09-13,4,Real Sociedad de Fútbol,Real Madrid CF,CONSENSUS_CODERE_STYLE,Gil Manzano,Total Fouls,total,22.5,0.6103,0.0884,over,1.75,24,1,0.75
202509137722D0D0,2025-09-13,4,Real Sociedad de Fútbol,Real Madrid CF,CONSENSUS_CODERE_STYLE,Gil Manzano,Team Total Fouls,local,14.5,0.5876,0.1217,over,1.96,17,1,0.96
202509137722D0D0,2025-09-13,4,Real Sociedad de Fútbol,Real Madrid CF,CONSENSUS_CODERE_STYLE,Gil Manzano,Team Total Fouls,visitante,9.5,0.4074,0.064,under,1.73,7,1,0.73
20250913A226B6A3,2025-09-13,4,Athletic Club Bilbao,Deportivo Alavés,CONSENSUS_CODERE_STYLE,Sánchez Martínez,Team Total Fouls,visitante,13.5,0.3951,0.0953,under,1.79,21,0,-1.0
20250913248A43D5,2025-09-13,4,Club Atlético de Madrid,Villarreal CF,CONSENSUS_CODERE_STYLE,Munuera Montero,Total Fouls,total,22.5,0.5711,0.0534,over,1.77,27,1,0.77
2025091473A78015,2025-09-14,4,Real Club Celta de Vigo,Girona FC,CONSENSUS_CODERE_STYLE,Cordero Vega,Team Total Fouls,visitante,11.5,0.428,0.0542,under,1.76,9,1,0.76
20250913A067AB1B,2025-09-14,4,Levante UD,Real Betis Balompié,CONSENSUS_CODERE_STYLE,Muñiz Ruiz,Team Total Fouls,local,14.5,0.5171,0.0511,over,1.96,16,1,0.96
2025091463F9E063,2025-09-14,4,CA Osasuna,Rayo Vallecano,CONSENSUS_CODERE_STYLE,Soto Grado,Total Fouls,total,25.5,0.3941,0.1318,under,1.93,20,1,0.93
2025091463F9E063,2025-09-14,4,CA Osasuna,Rayo Vallecano,CONSENSUS_CODERE_STYLE,Soto Grado,Team Total Fouls,local,13.5,0.4076,0.0665,under,1.74,13,1,0.74
2025091463F9E063,2025-09-14,4,CA Osasuna,Rayo Vallecano,CONSENSUS_CODERE_STYLE,Soto Grado,Team Total Fouls,visitante,13.5,0.3653,0.1074,under,1.73,7,1,0.73
20250914D154C9FD,2025-09-14,4,FC Barcelona,Valencia CF,CONSENSUS_CODERE_STYLE,Cuadra Fernández,Total Fouls,total,21.5,0.5494,0.0752,over,1.93,17,0,-1.0
20250915A76E364C,2025-09-15,4,Reial Club Deportiu Espanyol,Real Club Deportivo Mallorca,CONSENSUS_CODERE_STYLE,Hernández Hernández,Total Fouls,total,26.5,0.4108,0.1111,under,1.91,25,1,0.91
20250915A76E364C,2025-09-15,4,Reial Club Deportiu Espanyol,Real Club Deportivo Mallorca,CONSENSUS_CODERE_STYLE,Hernández Hernández,Team Total Fouls,local,14.5,0.4065,0.0717,under,1.75,9,1,0.75
20250919002F2AAA,2025-09-19,5,Real Betis Balompié,Real Sociedad de Fútbol,CONSENSUS_CODERE_STYLE,Busquets Ferrer,Team Total Fouls,local,10.5,0.3972,0.0973,under,1.81,7,1,0.81
20250919002F2AAA,2025-09-19,5,Real Betis Balompié,Real Sociedad de Fútbol,CONSENSUS_CODERE_STYLE,Busquets Ferrer,Team Total Fouls,visitante,15.5,0.5422,0.0613,over,1.9,20,1,0.9
20250920A80413CB,2025-09-20,5,Girona FC,Levante UD,CONSENSUS_CODERE_STYLE,Quintero González,Total Fouls,total,23.5,0.5732,0.065,over,1.8,28,1,0.8
20250920A80413CB,2025-09-20,5,Girona FC,Levante UD,CONSENSUS_CODERE_STYLE,Quintero González,Team Total Fouls,visitante,13.5,0.5151,0.0613,over,2.01,17,1,1.01
2025092037213D00,2025-09-20,5,Real Madrid CF,Reial Club Deportiu Espanyol,CONSENSUS_CODERE_STYLE,Martínez Munuera,Total Fouls,total,22.5,0.6383,0.1519,over,1.88,30,1,0.88
2025092037213D00,2025-09-20,5,Real Madrid CF,Reial Club Deportiu Espanyol,CONSENSUS_CODERE_STYLE,Martínez Munuera,Team Total Fouls,visitante,13.5,0.6176,0.13,over,1.87,20,1,0.87
202509205D5E712B,2025-09-20,5,Villarreal CF,CA Osasuna,CONSENSUS_CODERE_STYLE,Díaz de Mera,Total Fouls,total,23.5,0.5641,0.0531,over,1.79,21,0,-1.0
202509205D5E712B,2025-09-20,5,Villarreal CF,CA Osasuna,CONSENSUS_CODERE_STYLE,Díaz de Mera,Team Total Fouls,visitante,13.5,0.5621,0.0553,over,1.8,11,0,-1.0
20250920ADD8173E,2025-09-20,5,Deportivo Alavés,Sevilla FC,CONSENSUS_CODERE_STYLE,Galech Apezteguía,Total Fouls,total,26.5,0.6874,0.1683,over,1.76,39,1,0.76
20250920ADD8173E,2025-09-20,5,Deportivo Alavés,Sevilla FC,CONSENSUS_CODERE_STYLE,Galech Apezteguía,Team Total Fouls,local,14.5,0.5664,0.0773,over,1.87,20,1,0.87
20250920ADD8173E,2025-09-20,5,Deportivo Alavés,Sevilla FC,CONSENSUS_CODERE_STYLE,Galech Apezteguía,Team Total Fouls,visitante,13.5,0.657,0.1611,over,1.84,19,1,0.84
20250920B8C62CF8,2025-09-20,5,Valencia CF,Athletic Club Bilbao,CONSENSUS_CODERE_STYLE,Ortiz Arias,Total Fouls,total,23.5,0.4355,0.0836,under,1.9,19,1,0.9
20250920B8C62CF8,2025-09-20,5,Valencia CF,Athletic Club Bilbao,CONSENSUS_CODERE_STYLE,Ortiz Arias,Team Total Fouls,local,11.5,0.3698,0.1016,under,1.73,13,0,-1.0
202509218F67BC52,2025-09-21,5,Real Club Deportivo Mallorca,Club Atlético de Madrid,CONSENSUS_CODERE_STYLE,Hernández Maeso,Team Total Fouls,visitante,11.5,0.3893,0.112,under,1.83,6,1,0.83
20250921247E5A18,2025-09-21,5,Elche CF,Real Oviedo,CONSENSUS_CODERE_STYLE,Sesma Espinosa,Team Total Fouls,visitante,14.5,0.5963,0.1304,over,1.96,18,1,0.96
20250921DE90566F,2025-09-21,5,FC Barcelona,Getafe CF,CONSENSUS_CODERE_STYLE,De Burgos Bengoetxea,Total Fouls,total,22.5,0.5419,0.0638,over,1.91,24,1,0.91
20250921DE90566F,2025-09-21,5,FC Barcelona,Getafe CF,CONSENSUS_CODERE_STYLE,De Burgos Bengoetxea,Team Total Fouls,visitante,14.5,0.4012,0.0688,under,1.72,15,0,-1.0
20250923AF205FAE,2025-09-23,6,Athletic Club Bilbao,Girona FC,CONSENSUS_CODERE_STYLE,Munuera Montero,Team Total Fouls,visitante,11.5,0.4214,0.0662,under,1.78,15,0,-1.0
20250923CE7F6B15,2025-09-23,6,Levante UD,Real Madrid CF,CONSENSUS_CODERE_STYLE,Díaz de Mera,Total Fouls,total,21.5,0.6796,0.1728,over,1.8,26,1,0.8
20250923CE7F6B15,2025-09-23,6,Levante UD,Real Madrid CF,CONSENSUS_CODERE_STYLE,Díaz de Mera,Team Total Fouls,local,14.5,0.622,0.1479,over,1.93,17,1,0.93
20250923CE7F6B15,2025-09-23,6,Levante UD,Real Madrid CF,CONSENSUS_CODERE_STYLE,Díaz de Mera,Team Total Fouls,visitante,9.5,0.4266,0.072,under,1.82,9,1,0.82
202509247D7C3663,2025-09-24,6,Real Sociedad de Fútbol,Real Club Deportivo Mallorca,CONSENSUS_CODERE_STYLE,Galech Apezteguía,Total Fouls,total,26.5,0.6052,0.1161,over,1.87,28,1,0.87
202509247D7C3663,2025-09-24,6,Real Sociedad de Fútbol,Real Club Deportivo Mallorca,CONSENSUS_CODERE_STYLE,Galech Apezteguía,Team Total Fouls,local,14.5,0.5639,0.0803,over,1.89,13,0,-1.0
202509247D7C3663,2025-09-24,6,Real Sociedad de Fútbol,Real Club Deportivo Mallorca,CONSENSUS_CODERE_STYLE,Galech Apezteguía,Team Total Fouls,visitante,12.5,0.5911,0.0733,over,1.76,15,1,0.76
202509252E87A43F,2025-09-25,6,CA Osasuna,Elche CF,CONSENSUS_CODERE_STYLE,Cordero Vega,Team Total Fouls,local,13.5,0.6957,0.2093,over,1.88,19,1,0.88
202509252E87A43F,2025-09-25,6,CA Osasuna,Elche CF,CONSENSUS_CODERE_STYLE,Cordero Vega,Team Total Fouls,visitante,11.5,0.3341,0.1563,under,1.79,13,0,-1.0
202509251543837D,2025-09-25,6,Real Oviedo,FC Barcelona,CONSENSUS_CODERE_STYLE,Ortiz Arias,Team Total Fouls,visitante,9.5,0.43,0.0509,under,1.76,6,1,0.76
20250927A0BD03B8,2025-09-27,7,Getafe CF,Levante UD,CONSENSUS_CODERE_STYLE,Busquets Ferrer,Total Fouls,total,28.5,0.4524,0.0667,under,1.9,31,0,-1.0
20250927A0BD03B8,2025-09-27,7,Getafe CF,Levante UD,CONSENSUS_CODERE_STYLE,Busquets Ferrer,Team Total Fouls,local,14.5,0.3379,0.1402,under,1.75,15,0,-1.0
20250927A0BD03B8,2025-09-27,7,Getafe CF,Levante UD,CONSENSUS_CODERE_STYLE,Busquets Ferrer,Team Total Fouls,visitante,14.5,0.5853,0.1288,over,2.0,16,1,1.0
20250927739CBE4D,2025-09-27,7,Club Atlético de Madrid,Real Madrid CF,CONSENSUS_CODERE_STYLE,Alberola Rojas,Team Total Fouls,local,14.5,0.5212,0.0512,over,1.94,17,1,0.94
20250927739CBE4D,2025-09-27,7,Club Atlético de Madrid,Real Madrid CF,CONSENSUS_CODERE_STYLE,Alberola Rojas,Team Total Fouls,visitante,11.5,0.3971,0.0783,under,1.74,14,0,-1.0
20250927F6CA773E,2025-09-27,7,Real Club Deportivo Mallorca,Deportivo Alavés,CONSENSUS_CODERE_STYLE,Cordero Vega,Total Fouls,total,27.5,0.4263,0.0942,under,1.91,32,0,-1.0
20250927F6CA773E,2025-09-27,7,Real Club Deportivo Mallorca,Deportivo Alavés,CONSENSUS_CODERE_STYLE,Cordero Vega,Team Total Fouls,visitante,15.5,0.3761,0.1253,under,1.83,18,0,-1.0
20250927F9F92964,2025-09-27,7,Villarreal CF,Athletic Club Bilbao,CONSENSUS_CODERE_STYLE,Sesma Espinosa,Team Total Fouls,visitante,13.5,0.543,0.058,over,1.88,11,0,-1.0
20250928FCB42830,2025-09-28,7,Elche CF,Real Club Celta de Vigo,CONSENSUS_CODERE_STYLE,Cuadra Fernández,Team Total Fouls,local,12.5,0.3376,0.1474,under,1.77,12,1,0.77
20250928FCB42830,2025-09-28,7,Elche CF,Real Club Celta de Vigo,CONSENSUS_CODERE_STYLE,Cuadra Fernández,Team Total Fouls,visitante,13.5,0.6679,0.2006,over,1.95,20,1,0.95
20250928FBA91733,2025-09-28,7,FC Barcelona,Real Sociedad de Fútbol,CONSENSUS_CODERE_STYLE,Hernández Hernández,Team Total Fouls,visitante,14.5,0.5137,0.0517,over,1.98,12,0,-1.0
202509283A93021C,2025-09-28,7,Real Betis Balompié,CA Osasuna,CONSENSUS_CODERE_STYLE,García Verdura,Total Fouls,total,24.5,0.5472,0.0526,over,1.85,13,0,-1.0
202509283A93021C,2025-09-28,7,Real Betis Balompié,CA Osasuna,CONSENSUS_CODERE_STYLE,García Verdura,Team Total Fouls,local,10.5,0.3773,0.105,under,1.77,6,1,0.77
202509283A93021C,2025-09-28,7,Real Betis Balompié,CA Osasuna,CONSENSUS_CODERE_STYLE,García Verdura,Team Total Fouls,visitante,14.5,0.6368,0.1327,over,1.81,7,0,-1.0
202509291769EF9C,2025-09-30,7,Valencia CF,Real Oviedo,CONSENSUS_CODERE_STYLE,De Burgos Bengoetxea,Total Fouls,total,22.5,0.3482,0.1272,under,1.74,26,0,-1.0
202509291769EF9C,2025-09-30,7,Valencia CF,Real Oviedo,CONSENSUS_CODERE_STYLE,De Burgos Bengoetxea,Team Total Fouls,local,10.5,0.3165,0.1589,under,1.74,14,0,-1.0
202509291769EF9C,2025-09-30,7,Valencia CF,Real Oviedo,CONSENSUS_CODERE_STYLE,De Burgos Bengoetxea,Team Total Fouls,visitante,12.5,0.3863,0.1027,under,1.79,12,1,0.79
2025100320181B86,2025-10-03,8,CA Osasuna,Getafe CF,CONSENSUS_CODERE_STYLE,Alberola Rojas,Total Fouls,total,28.5,0.4443,0.0557,under,1.83,25,1,0.83
2025100320181B86,2025-10-03,8,CA Osasuna,Getafe CF,CONSENSUS_CODERE_STYLE,Alberola Rojas,Team Total Fouls,local,14.5,0.5563,0.0781,over,1.91,11,0,-1.0
2025100320181B86,2025-10-03,8,CA Osasuna,Getafe CF,CONSENSUS_CODERE_STYLE,Alberola Rojas,Team Total Fouls,visitante,14.5,0.3539,0.1365,under,1.79,14,1,0.79
202510047C6ECB62,2025-10-04,8,Real Oviedo,Levante UD,CONSENSUS_CODERE_STYLE,Munuera Montero,Team Total Fouls,visitante,14.5,0.4301,0.0603,under,1.79,10,1,0.79
20251004C93767C8,2025-10-04,8,Athletic Club Bilbao,Real Club Deportivo Mallorca,CONSENSUS_CODERE_STYLE,Quintero González,Total Fouls,total,23.5,0.5701,0.0591,over,1.79,29,1,0.79
20251004C93767C8,2025-10-04,8,Athletic Club Bilbao,Real Club Deportivo Mallorca,CONSENSUS_CODERE_STYLE,Quintero González,Team Total Fouls,local,11.5,0.558,0.0525,over,1.81,16,1,0.81
202510049591C767,2025-10-04,8,Real Madrid CF,Villarreal CF,CONSENSUS_CODERE_STYLE,Cuadra Fernández,Total Fouls,total,21.5,0.5959,0.0795,over,1.77,23,1,0.77
202510049591C767,2025-10-04,8,Real Madrid CF,Villarreal CF,CONSENSUS_CODERE_STYLE,Cuadra Fernández,Team Total Fouls,visitante,12.5,0.5524,0.0986,over,2.01,14,1,1.01
202510058E178A96,2025-10-05,8,Deportivo Alavés,Elche CF,CONSENSUS_CODERE_STYLE,Ortiz Arias,Team Total Fouls,local,16.5,0.6019,0.1155,over,1.88,13,0,-1.0
202510058E178A96,2025-10-05,8,Deportivo Alavés,Elche CF,CONSENSUS_CODERE_STYLE,Ortiz Arias,Team Total Fouls,visitante,12.5,0.3862,0.0797,under,1.71,9,1,0.71
20251005583B0B05,2025-10-05,8,Sevilla FC,FC Barcelona,CONSENSUS_CODERE_STYLE,Muñiz Ruiz,Total Fouls,total,21.5,0.5953,0.1008,over,1.85,27,1,0.85
202510057AB25F35,2025-10-05,8,Reial Club Deportiu Espanyol,Real Betis Balompié,CONSENSUS_CODERE_STYLE,Galech Apezteguía,Total Fouls,total,24.5,0.6858,0.1776,over,1.8,20,0,-1.0
202510057AB25F35,2025-10-05,8,Reial Club Deportiu Espanyol,Real Betis Balompié,CONSENSUS_CODERE_STYLE,Galech Apezteguía,Team Total Fouls,local,14.5,0.6756,0.2218,over,2.01,16,1,1.01
202510057AB25F35,2025-10-05,8,Reial Club Deportiu Espanyol,Real Betis Balompié,CONSENSUS_CODERE_STYLE,Galech Apezteguía,Team Total Fouls,visitante,10.5,0.5621,0.0894,over,1.93,4,0,-1.0
20251005FB475503,2025-10-05,8,Real Sociedad de Fútbol,Rayo Vallecano,CONSENSUS_CODERE_STYLE,Guzmán Mansilla,Total Fouls,total,26.5,0.3644,0.1152,under,1.76,34,0,-1.0
20251005FB475503,2025-10-05,8,Real Sociedad de Fútbol,Rayo Vallecano,CONSENSUS_CODERE_STYLE,Guzmán Mansilla,Team Total Fouls,local,13.5,0.4158,0.0678,under,1.77,13,1,0.77
20251005FB475503,2025-10-05,8,Real Sociedad de Fútbol,Rayo Vallecano,CONSENSUS_CODERE_STYLE,Guzmán Mansilla,Team Total Fouls,visitante,12.5,0.4093,0.0893,under,1.82,21,0,-1.0
202510175A216D11,2025-10-17,9,Real Oviedo,Reial Club Deportiu Espanyol,CONSENSUS_CODERE_STYLE,Busquets Ferrer,Total Fouls,total,25.5,0.3817,0.1292,under,1.87,17,1,0.87
202510175A216D11,2025-10-17,9,Real Oviedo,Reial Club Deportiu Espanyol,CONSENSUS_CODERE_STYLE,Busquets Ferrer,Team Total Fouls,local,12.5,0.3939,0.0897,under,1.77,9,1,0.77
202510175A216D11,2025-10-17,9,Real Oviedo,Reial Club Deportiu Espanyol,CONSENSUS_CODERE_STYLE,Busquets Ferrer,Team Total Fouls,visitante,13.5,0.3946,0.0986,under,1.8,8,1,0.8
202510185BE01CFE,2025-10-18,9,FC Barcelona,Girona FC,CONSENSUS_CODERE_STYLE,Gil Manzano,Total Fouls,total,20.5,0.637,0.1561,over,1.9,17,0,-1.0
202510185BE01CFE,2025-10-18,9,FC Barcelona,Girona FC,CONSENSUS_CODERE_STYLE,Gil Manzano,Team Total Fouls,visitante,11.5,0.5016,0.0544,over,2.04,7,0,-1.0
20251018A0CC56FE,2025-10-18,9,Villarreal CF,Real Betis Balompié,CONSENSUS_CODERE_STYLE,Hernández Maeso,Team Total Fouls,visitante,11.5,0.4053,0.0824,under,1.78,10,1,0.78
202510182902D2B6,2025-10-18,9,Club Atlético de Madrid,CA Osasuna,CONSENSUS_CODERE_STYLE,De Burgos Bengoetxea,Total Fouls,total,22.5,0.4025,0.0744,under,1.75,21,1,0.75
202510182902D2B6,2025-10-18,9,Club Atlético de Madrid,CA Osasuna,CONSENSUS_CODERE_STYLE,De Burgos Bengoetxea,Team Total Fouls,local,9.5,0.3853,0.1366,under,1.91,10,0,-1.0
20251019D60D09E2,2025-10-19,9,Elche CF,Athletic Club Bilbao,CONSENSUS_CODERE_STYLE,Guzmán Mansilla,Team Total Fouls,local,11.5,0.3655,0.1208,under,1.78,14,0,-1.0
20251019D60D09E2,2025-10-19,9,Elche CF,Athletic Club Bilbao,CONSENSUS_CODERE_STYLE,Guzmán Mansilla,Team Total Fouls,visitante,15.5,0.6515,0.1652,over,1.88,20,1,0.88
20251019D562D104,2025-10-19,9,Getafe CF,Real Madrid CF,CONSENSUS_CODERE_STYLE,Munuera Montero,Total Fouls,total,24.5,0.5757,0.0812,over,1.85,38,1,0.85
20251019D562D104,2025-10-19,9,Getafe CF,Real Madrid CF,CONSENSUS_CODERE_STYLE,Munuera Montero,Team Total Fouls,local,15.5,0.5722,0.1063,over,1.96,27,1,0.96
202510201D09D41B,2025-10-20,9,Deportivo Alavés,Valencia CF,CONSENSUS_CODERE_STYLE,Galech Apezteguía,Team Total Fouls,visitante,12.5,0.607,0.1343,over,1.93,20,1,0.93
202510247FEDF275,2025-10-24,10,Real Sociedad de Fútbol,Sevilla FC,CONSENSUS_CODERE_STYLE,Cordero Vega,Total Fouls,total,27.5,0.3622,0.1214,under,1.77,33,0,-1.0
202510247FEDF275,2025-10-24,10,Real Sociedad de Fútbol,Sevilla FC,CONSENSUS_CODERE_STYLE,Cordero Vega,Team Total Fouls,visitante,14.5,0.3506,0.1126,under,1.7,14,1,0.7
2025102559BF8684,2025-10-25,10,Girona FC,Real Oviedo,CONSENSUS_CODERE_STYLE,Muñiz Ruiz,Team Total Fouls,local,12.5,0.3201,0.1285,under,1.66,13,0,-1.0
2025102559BF8684,2025-10-25,10,Girona FC,Real Oviedo,CONSENSUS_CODERE_STYLE,Muñiz Ruiz,Team Total Fouls,visitante,15.5,0.3538,0.1161,under,1.72,16,0,-1.0
20251025926A6670,2025-10-25,10,Reial Club Deportiu Espanyol,Elche CF,CONSENSUS_CODERE_STYLE,De Burgos Bengoetxea,Total Fouls,total,26.5,0.4249,0.0519,under,1.75,29,0,-1.0
20251025926A6670,2025-10-25,10,Reial Club Deportiu Espanyol,Elche CF,CONSENSUS_CODERE_STYLE,De Burgos Bengoetxea,Team Total Fouls,local,15.5,0.5503,0.0749,over,1.92,14,0,-1.0
20251025926A6670,2025-10-25,10,Reial Club Deportiu Espanyol,Elche CF,CONSENSUS_CODERE_STYLE,De Burgos Bengoetxea,Team Total Fouls,visitante,11.5,0.3137,0.2109,under,1.92,15,0,-1.0
20251025429AE79A,2025-10-25,10,Athletic Club Bilbao,Getafe CF,CONSENSUS_CODERE_STYLE,Díaz de Mera,Total Fouls,total,29.5,0.42,0.0718,under,1.8,29,1,0.8
20251025429AE79A,2025-10-25,10,Athletic Club Bilbao,Getafe CF,CONSENSUS_CODERE_STYLE,Díaz de Mera,Team Total Fouls,visitante,15.5,0.4009,0.0841,under,1.77,14,1,0.77
2025102562BB7DC7,2025-10-25,10,Valencia CF,Villarreal CF,CONSENSUS_CODERE_STYLE,Alberola Rojas,Team Total Fouls,visitante,12.5,0.4296,0.0554,under,1.77,14,0,-1.0
20251026EAFE73A0,2025-10-26,10,Real Club Deportivo Mallorca,Levante UD,CONSENSUS_CODERE_STYLE,Ortiz Arias,Total Fouls,total,24.5,0.4474,0.0553,under,1.84,21,1,0.84
20251026EAFE73A0,2025-10-26,10,Real Club Deportivo Mallorca,Levante UD,CONSENSUS_CODERE_STYLE,Ortiz Arias,Team Total Fouls,local,14.5,0.3459,0.1295,under,1.74,8,1,0.74
202510268178A8A3,2025-10-26,10,Real Madrid CF,FC Barcelona,CONSENSUS_CODERE_STYLE,Soto Grado,Total Fouls,total,27.5,0.3016,0.2066,under,1.86,21,1,0.86
202510268178A8A3,2025-10-26,10,Real Madrid CF,FC Barcelona,CONSENSUS_CODERE_STYLE,Soto Grado,Team Total Fouls,local,13.5,0.2766,0.203,under,1.76,12,1,0.76
202510265F5A7F84,2025-10-26,10,Rayo Vallecano,Deportivo Alavés,CONSENSUS_CODERE_STYLE,García Verdura,Team Total Fouls,local,14.5,0.5127,0.0629,over,2.03,13,0,-1.0
202510265F5A7F84,2025-10-26,10,Rayo Vallecano,Deportivo Alavés,CONSENSUS_CODERE_STYLE,García Verdura,Team Total Fouls,visitante,14.5,0.4006,0.0721,under,1.73,11,1,0.73
202510270E37D57D,2025-10-27,10,Real Betis Balompié,Club Atlético de Madrid,CONSENSUS_CODERE_STYLE,Martínez Munuera,Team Total Fouls,local,11.5,0.4248,0.0561,under,1.76,9,1,0.76
202510270E37D57D,2025-10-27,10,Real Betis Balompié,Club Atlético de Madrid,CONSENSUS_CODERE_STYLE,Martínez Munuera,Team Total Fouls,visitante,13.5,0.547,0.0744,over,1.93,18,1,0.93
20251031F35EBBE1,2025-10-31,11,Getafe CF,Girona FC,CONSENSUS_CODERE_STYLE,Sánchez Martínez,Total Fouls,total,28.5,0.4055,0.1164,under,1.91,32,0,-1.0
20251101B1C9C2C3,2025-11-01,11,Villarreal CF,Rayo Vallecano,CONSENSUS_CODERE_STYLE,Galech Apezteguía,Team Total Fouls,visitante,13.5,0.5941,0.0777,over,1.77,11,0,-1.0
2025110149ECE02A,2025-11-01,11,Real Sociedad de Fútbol,Athletic Club Bilbao,CONSENSUS_CODERE_STYLE,Munuera Montero,Total Fouls,total,30.5,0.2917,0.1906,under,1.77,28,1,0.77
2025110149ECE02A,2025-11-01,11,Real Sociedad de Fútbol,Athletic Club Bilbao,CONSENSUS_CODERE_STYLE,Munuera Montero,Team Total Fouls,local,15.5,0.3933,0.0808,under,1.74,20,0,-1.0
2025110149ECE02A,2025-11-01,11,Real Sociedad de Fútbol,Athletic Club Bilbao,CONSENSUS_CODERE_STYLE,Munuera Montero,Team Total Fouls,visitante,14.5,0.4075,0.0612,under,1.72,8,1,0.72
202511014DAD1081,2025-11-01,11,Real Madrid CF,Valencia CF,CONSENSUS_CODERE_STYLE,Busquets Ferrer,Total Fouls,total,22.5,0.6044,0.0867,over,1.77,21,0,-1.0
202511014DAD1081,2025-11-01,11,Real Madrid CF,Valencia CF,CONSENSUS_CODERE_STYLE,Busquets Ferrer,Team Total Fouls,local,9.5,0.4446,0.0554,under,1.83,14,0,-1.0
202511014DAD1081,2025-11-01,11,Real Madrid CF,Valencia CF,CONSENSUS_CODERE_STYLE,Busquets Ferrer,Team Total Fouls,visitante,13.5,0.5969,0.1188,over,1.91,7,0,-1.0
202511026335B11A,2025-11-02,11,Levante UD,Real Club Celta de Vigo,CONSENSUS_CODERE_STYLE,Quintero González,Total Fouls,total,23.5,0.5887,0.0805,over,1.8,22,0,-1.0
202511026335B11A,2025-11-02,11,Levante UD,Real Club Celta de Vigo,CONSENSUS_CODERE_STYLE,Quintero González,Team Total Fouls,local,12.5,0.5437,0.0723,over,1.94,10,0,-1.0
20251102FE23D697,2025-11-02,11,Deportivo Alavés,Reial Club Deportiu Espanyol,CONSENSUS_CODERE_STYLE,Cuadra Fernández,Team Total Fouls,local,13.5,0.4193,0.067,under,1.78,14,0,-1.0
20251102FE23D697,2025-11-02,11,Deportivo Alavés,Reial Club Deportiu Espanyol,CONSENSUS_CODERE_STYLE,Cuadra Fernández,Team Total Fouls,visitante,16.5,0.3551,0.1271,under,1.76,12,1,0.76
20251102B752ADF9,2025-11-02,11,FC Barcelona,Elche CF,CONSENSUS_CODERE_STYLE,Sesma Espinosa,Total Fouls,total,23.5,0.6204,0.1423,over,1.91,28,1,0.91
20251102B752ADF9,2025-11-02,11,FC Barcelona,Elche CF,CONSENSUS_CODERE_STYLE,Sesma Espinosa,Team Total Fouls,local,12.5,0.6458,0.1893,over,2.0,12,0,-1.0
202511029664D5E9,2025-11-02,11,Real Betis Balompié,Real Club Deportivo Mallorca,CONSENSUS_CODERE_STYLE,Gil Manzano,Total Fouls,total,23.5,0.5826,0.0662,over,1.77,17,0,-1.0
202511029664D5E9,2025-11-02,11,Real Betis Balompié,Real Club Deportivo Mallorca,CONSENSUS_CODERE_STYLE,Gil Manzano,Team Total Fouls,visitante,13.5,0.5986,0.074,over,1.74,8,0,-1.0
20251103234F7FCE,2025-11-03,11,Real Oviedo,CA Osasuna,CONSENSUS_CODERE_STYLE,Guzmán Mansilla,Team Total Fouls,local,11.5,0.4474,0.0649,under,1.87,17,0,-1.0
20251107E27BB87E,2025-11-07,12,Elche CF,Real Sociedad de Fútbol,CONSENSUS_CODERE_STYLE,Díaz de Mera,Total Fouls,total,28.5,0.5621,0.0703,over,1.86,29,1,0.86
20251107E27BB87E,2025-11-07,12,Elche CF,Real Sociedad de Fútbol,CONSENSUS_CODERE_STYLE,Díaz de Mera,Team Total Fouls,local,12.5,0.3887,0.0706,under,1.69,14,0,-1.0
20251107E27BB87E,2025-11-07,12,Elche CF,Real Sociedad de Fútbol,CONSENSUS_CODERE_STYLE,Díaz de Mera,Team Total Fouls,visitante,17.5,0.6276,0.1738,over,2.01,15,0,-1.0
2025110811AE3647,2025-11-08,12,Girona FC,Deportivo Alavés,CONSENSUS_CODERE_STYLE,Cordero Vega,Total Fouls,total,27.5,0.4181,0.071,under,1.79,24,1,0.79
202511081888944D,2025-11-08,12,Sevilla FC,CA Osasuna,CONSENSUS_CODERE_STYLE,Ortiz Arias,Total Fouls,total,24.5,0.3985,0.1234,under,1.91,34,0,-1.0
202511081888944D,2025-11-08,12,Sevilla FC,CA Osasuna,CONSENSUS_CODERE_STYLE,Ortiz Arias,Team Total Fouls,local,13.5,0.3202,0.1512,under,1.73,21,0,-1.0
202511080A9A6059,2025-11-08,12,Club Atlético de Madrid,Levante UD,CONSENSUS_CODERE_STYLE,Gil Manzano,Total Fouls,total,22.5,0.5669,0.09,over,1.92,11,0,-1.0
202511089AE52573,2025-11-08,12,Reial Club Deportiu Espanyol,Villarreal CF,CONSENSUS_CODERE_STYLE,Hernández Hernández,Team Total Fouls,visitante,11.5,0.431,0.0567,under,1.78,9,1,0.78
202511093DAEF505,2025-11-09,12,Athletic Club Bilbao,Real Oviedo,CONSENSUS_CODERE_STYLE,Soto Grado,Total Fouls,total,25.5,0.3873,0.099,under,1.78,20,1,0.78
202511093DAEF505,2025-11-09,12,Athletic Club Bilbao,Real Oviedo,CONSENSUS_CODERE_STYLE,Soto Grado,Team Total Fouls,local,13.5,0.3711,0.0949,under,1.71,12,1,0.71
202511093DAEF505,2025-11-09,12,Athletic Club Bilbao,Real Oviedo,CONSENSUS_CODERE_STYLE,Soto Grado,Team Total Fouls,visitante,13.5,0.3976,0.0522,under,1.66,8,1,0.66
202511096B0D1CC4,2025-11-09,12,Rayo Vallecano,Real Madrid CF,CONSENSUS_CODERE_STYLE,Martínez Munuera,Team Total Fouls,local,15.5,0.5785,0.1031,over,1.92,17,1,0.92
202511096B0D1CC4,2025-11-09,12,Rayo Vallecano,Real Madrid CF,CONSENSUS_CODERE_STYLE,Martínez Munuera,Team Total Fouls,visitante,10.5,0.3782,0.0972,under,1.74,7,1,0.74
202511091D664B95,2025-11-09,12,Valencia CF,Real Betis Balompié,CONSENSUS_CODERE_STYLE,García Verdura,Team Total Fouls,local,14.5,0.5253,0.0661,over,1.99,13,0,-1.0
202511091D664B95,2025-11-09,12,Valencia CF,Real Betis Balompié,CONSENSUS_CODERE_STYLE,García Verdura,Team Total Fouls,visitante,14.5,0.3034,0.145,under,1.65,10,1,0.65
2025110989D90530,2025-11-09,12,Real Club Deportivo Mallorca,Getafe CF,CONSENSUS_CODERE_STYLE,De Burgos Bengoetxea,Total Fouls,total,27.5,0.362,0.1517,under,1.88,23,1,0.88
2025110989D90530,2025-11-09,12,Real Club Deportivo Mallorca,Getafe CF,CONSENSUS_CODERE_STYLE,De Burgos Bengoetxea,Team Total Fouls,visitante,14.5,0.3689,0.1011,under,1.72,8,1,0.72
20251109072A1CBA,2025-11-09,12,Real Club Celta de Vigo,FC Barcelona,CONSENSUS_CODERE_STYLE,Alberola Rojas,Team Total Fouls,visitante,12.5,0.394,0.0869,under,1.76,10,1,0.76
20251121D7A68D92,2025-11-21,13,Valencia CF,Levante UD,CONSENSUS_CODERE_STYLE,Muñiz Ruiz,Total Fouls,total,25.5,0.4061,0.1062,under,1.87,31,0,-1.0
20251121D7A68D92,2025-11-21,13,Valencia CF,Levante UD,CONSENSUS_CODERE_STYLE,Muñiz Ruiz,Team Total Fouls,local,12.5,0.3823,0.1314,under,1.88,16,0,-1.0
202511220EECA4DC,2025-11-22,13,Deportivo Alavés,Real Club Celta de Vigo,CONSENSUS_CODERE_STYLE,Martínez Munuera,Team Total Fouls,local,14.5,0.4217,0.0619,under,1.77,21,0,-1.0
2025112260CF9B56,2025-11-22,13,CA Osasuna,Real Sociedad de Fútbol,CONSENSUS_CODERE_STYLE,Busquets Ferrer,Total Fouls,total,27.5,0.3749,0.1019,under,1.75,20,1,0.75
2025112260CF9B56,2025-11-22,13,CA Osasuna,Real Sociedad de Fútbol,CONSENSUS_CODERE_STYLE,Busquets Ferrer,Team Total Fouls,visitante,14.5,0.3695,0.1195,under,1.79,7,1,0.79
2025112259A4A2D0,2025-11-22,13,Villarreal CF,Real Club Deportivo Mallorca,CONSENSUS_CODERE_STYLE,Guzmán Mansilla,Total Fouls,total,23.5,0.6023,0.1241,over,1.91,25,1,0.91
2025112259A4A2D0,2025-11-22,13,Villarreal CF,Real Club Deportivo Mallorca,CONSENSUS_CODERE_STYLE,Guzmán Mansilla,Team Total Fouls,visitante,12.5,0.5831,0.0872,over,1.84,8,0,-1.0
20251123251E6D80,2025-11-23,13,Real Betis Balompié,Girona FC,CONSENSUS_CODERE_STYLE,Galech Apezteguía,Total Fouls,total,23.5,0.6453,0.1222,over,1.75,26,1,0.75
20251123251E6D80,2025-11-23,13,Real Betis Balompié,Girona FC,CONSENSUS_CODERE_STYLE,Galech Apezteguía,Team Total Fouls,visitante,12.5,0.6328,0.152,over,1.9,16,1,0.9
20251123E376BA43,2025-11-23,13,Getafe CF,Club Atlético de Madrid,CONSENSUS_CODERE_STYLE,Cuadra Fernández,Team Total Fouls,visitante,11.5,0.5271,0.0705,over,2.0,17,1,1.0
20251123DED0FD49,2025-11-23,13,Elche CF,Real Madrid CF,CONSENSUS_CODERE_STYLE,Hernández Maeso,Total Fouls,total,23.5,0.5967,0.0736,over,1.75,18,0,-1.0
20251123DED0FD49,2025-11-23,13,Elche CF,Real Madrid CF,CONSENSUS_CODERE_STYLE,Hernández Maeso,Team Total Fouls,visitante,11.5,0.549,0.0723,over,1.91,8,0,-1.0
20251128B9270A54,2025-11-28,14,Getafe CF,Elche CF,CONSENSUS_CODERE_STYLE,Hernández Hernández,Team Total Fouls,local,15.5,0.6142,0.1346,over,1.91,18,1,0.91
2025112935E148DD,2025-11-29,14,Real Club Deportivo Mallorca,CA Osasuna,CONSENSUS_CODERE_STYLE,Gil Manzano,Team Total Fouls,local,11.5,0.4103,0.0705,under,1.76,10,1,0.76
2025112918E4A8C6,2025-11-29,14,FC Barcelona,Deportivo Alavés,CONSENSUS_CODERE_STYLE,Ortiz Arias,Total Fouls,total,22.5,0.5872,0.0626,over,1.74,27,1,0.74
202511298A3BC18D,2025-11-29,14,Levante UD,Athletic Club Bilbao,CONSENSUS_CODERE_STYLE,Cordero Vega,Total Fouls,total,25.5,0.4204,0.0782,under,1.82,30,0,-1.0
202511298A3BC18D,2025-11-29,14,Levante UD,Athletic Club Bilbao,CONSENSUS_CODERE_STYLE,Cordero Vega,Team Total Fouls,local,12.5,0.4429,0.0585,under,1.83,11,1,0.83
202511298A3BC18D,2025-11-29,14,Levante UD,Athletic Club Bilbao,CONSENSUS_CODERE_STYLE,Cordero Vega,Team Total Fouls,visitante,12.5,0.4355,0.0741,under,1.86,19,0,-1.0
2025112915C32523,2025-11-29,14,Club Atlético de Madrid,Real Oviedo,CONSENSUS_CODERE_STYLE,García Verdura,Total Fouls,total,21.5,0.6024,0.0778,over,1.74,13,0,-1.0
2025113064A9FD0B,2025-11-30,14,Real Sociedad de Fútbol,Villarreal CF,CONSENSUS_CODERE_STYLE,Soto Grado,Total Fouls,total,24.5,0.4523,0.0641,under,1.89,33,0,-1.0
2025113064A9FD0B,2025-11-30,14,Real Sociedad de Fútbol,Villarreal CF,CONSENSUS_CODERE_STYLE,Soto Grado,Team Total Fouls,visitante,11.5,0.3915,0.0811,under,1.73,18,0,-1.0
202511305A3E8996,2025-11-30,14,Sevilla FC,Real Betis Balompié,CONSENSUS_CODERE_STYLE,Munuera Montero,Total Fouls,total,28.5,0.4033,0.1199,under,1.92,36,0,-1.0
202511305A3E8996,2025-11-30,14,Sevilla FC,Real Betis Balompié,CONSENSUS_CODERE_STYLE,Munuera Montero,Team Total Fouls,visitante,12.5,0.394,0.0882,under,1.76,22,0,-1.0
20251130E776D3D4,2025-11-30,14,Girona FC,Real Madrid CF,CONSENSUS_CODERE_STYLE,De Burgos Bengoetxea,Team Total Fouls,visitante,9.5,0.389,0.0715,under,1.69,13,0,-1.0
2025120119B6D8C2,2025-12-01,14,Rayo Vallecano,Valencia CF,CONSENSUS_CODERE_STYLE,Alberola Rojas,Total Fouls,total,25.5,0.4685,0.0533,under,1.91,20,1,0.91
2025120119B6D8C2,2025-12-01,14,Rayo Vallecano,Valencia CF,CONSENSUS_CODERE_STYLE,Alberola Rojas,Team Total Fouls,visitante,12.5,0.4088,0.0789,under,1.78,9,1,0.78
20251202E80258EC,2025-12-02,19,FC Barcelona,Club Atlético de Madrid,CONSENSUS_CODERE_STYLE,De Burgos Bengoetxea,Total Fouls,total,22.5,0.3857,0.1034,under,1.79,21,1,0.79
20251202E80258EC,2025-12-02,19,FC Barcelona,Club Atlético de Madrid,CONSENSUS_CODERE_STYLE,De Burgos Bengoetxea,Team Total Fouls,local,11.5,0.314,0.1332,under,1.65,12,0,-1.0
20251202E80258EC,2025-12-02,19,FC Barcelona,Club Atlético de Madrid,CONSENSUS_CODERE_STYLE,De Burgos Bengoetxea,Team Total Fouls,visitante,12.5,0.3831,0.0963,under,1.75,9,1,0.75
202512032D49562F,2025-12-03,19,Athletic Club Bilbao,Real Madrid CF,CONSENSUS_CODERE_STYLE,Gil Manzano,Total Fouls,total,23.5,0.561,0.0528,over,1.8,19,0,-1.0
202512032D49562F,2025-12-03,19,Athletic Club Bilbao,Real Madrid CF,CONSENSUS_CODERE_STYLE,Gil Manzano,Team Total Fouls,local,14.5,0.5611,0.0952,over,1.96,15,1,0.96
202512032D49562F,2025-12-03,19,Athletic Club Bilbao,Real Madrid CF,CONSENSUS_CODERE_STYLE,Gil Manzano,Team Total Fouls,visitante,9.5,0.4324,0.0553,under,1.78,4,1,0.78
202512056678BD4D,2025-12-05,15,Real Oviedo,Real Club Deportivo Mallorca,CONSENSUS_CODERE_STYLE,Galech Apezteguía,Total Fouls,total,23.5,0.5416,0.0553,over,1.88,26,1,0.88
20251206F72DD0B8,2025-12-06,15,Deportivo Alavés,Real Sociedad de Fútbol,CONSENSUS_CODERE_STYLE,Alberola Rojas,Team Total Fouls,local,14.5,0.4428,0.0531,under,1.81,20,0,-1.0
202512062D3280EA,2025-12-06,15,Real Betis Balompié,FC Barcelona,CONSENSUS_CODERE_STYLE,Hernández Maeso,Team Total Fouls,local,11.5,0.3893,0.108,under,1.82,14,0,-1.0
2025120615EE2170,2025-12-06,15,Athletic Club Bilbao,Club Atlético de Madrid,CONSENSUS_CODERE_STYLE,Muñiz Ruiz,Team Total Fouls,local,13.5,0.4201,0.0553,under,1.74,9,1,0.74
20251207BBD5620F,2025-12-07,15,Elche CF,Girona FC,CONSENSUS_CODERE_STYLE,Sesma Espinosa,Team Total Fouls,visitante,14.5,0.5519,0.0765,over,1.92,13,0,-1.0
202512072904127E,2025-12-07,15,Valencia CF,Sevilla FC,CONSENSUS_CODERE_STYLE,Cuadra Fernández,Total Fouls,total,25.5,0.4269,0.054,under,1.76,30,0,-1.0
2025120768544167,2025-12-07,15,Real Madrid CF,Real Club Celta de Vigo,CONSENSUS_CODERE_STYLE,Quintero González,Total Fouls,total,22.5,0.6361,0.1607,over,1.92,18,0,-1.0
2025120768544167,2025-12-07,15,Real Madrid CF,Real Club Celta de Vigo,CONSENSUS_CODERE_STYLE,Quintero González,Team Total Fouls,visitante,13.5,0.6042,0.1543,over,2.03,12,0,-1.0
202512084408AE46,2025-12-08,15,CA Osasuna,Levante UD,CONSENSUS_CODERE_STYLE,Guzmán Mansilla,Total Fouls,total,24.5,0.5528,0.061,over,1.86,22,0,-1.0
202512084408AE46,2025-12-08,15,CA Osasuna,Levante UD,CONSENSUS_CODERE_STYLE,Guzmán Mansilla,Team Total Fouls,local,12.5,0.5816,0.0802,over,1.82,15,1,0.82
202512084408AE46,2025-12-08,15,CA Osasuna,Levante UD,CONSENSUS_CODERE_STYLE,Guzmán Mansilla,Team Total Fouls,visitante,13.5,0.4221,0.0766,under,1.82,7,1,0.82
20251212C6D055BD,2025-12-12,16,Real Sociedad de Fútbol,Girona FC,CONSENSUS_CODERE_STYLE,Ortiz Arias,Team Total Fouls,visitante,11.5,0.42,0.0649,under,1.77,5,1,0.77
202512132CBAC76A,2025-12-13,16,Real Club Deportivo Mallorca,Elche CF,CONSENSUS_CODERE_STYLE,Munuera Montero,Team Total Fouls,local,14.5,0.6018,0.1264,over,1.92,13,0,-1.0
20251213EB208340,2025-12-13,16,FC Barcelona,CA Osasuna,CONSENSUS_CODERE_STYLE,Cordero Vega,Total Fouls,total,21.5,0.6185,0.1376,over,1.9,13,0,-1.0
20251213EB208340,2025-12-13,16,FC Barcelona,CA Osasuna,CONSENSUS_CODERE_STYLE,Cordero Vega,Team Total Fouls,visitante,12.5,0.5908,0.1182,over,1.93,8,0,-1.0
20251213CBD9540F,2025-12-13,16,Getafe CF,Reial Club Deportiu Espanyol,CONSENSUS_CODERE_STYLE,Gil Manzano,Team Total Fouls,local,14.5,0.3985,0.0756,under,1.74,18,0,-1.0
202512140F988364,2025-12-14,16,Sevilla FC,Real Oviedo,CONSENSUS_CODERE_STYLE,Díaz de Mera,Total Fouls,total,27.5,0.3872,0.0896,under,1.75,23,1,0.75
202512140F988364,2025-12-14,16,Sevilla FC,Real Oviedo,CONSENSUS_CODERE_STYLE,Díaz de Mera,Team Total Fouls,local,14.5,0.3818,0.0681,under,1.66,11,1,0.66
2025121455EBF04B,2025-12-14,16,Deportivo Alavés,Real Madrid CF,CONSENSUS_CODERE_STYLE,García Verdura,Total Fouls,total,24.5,0.5659,0.055,over,1.79,25,1,0.79
2025121455EBF04B,2025-12-14,16,Deportivo Alavés,Real Madrid CF,CONSENSUS_CODERE_STYLE,García Verdura,Team Total Fouls,local,15.5,0.5457,0.0512,over,1.85,12,0,-1.0
20251215529DC397,2025-12-15,16,Rayo Vallecano,Real Betis Balompié,CONSENSUS_CODERE_STYLE,De Burgos Bengoetxea,Total Fouls,total,24.5,0.4432,0.065,under,1.86,17,1,0.86
20251215529DC397,2025-12-15,16,Rayo Vallecano,Real Betis Balompié,CONSENSUS_CODERE_STYLE,De Burgos Bengoetxea,Team Total Fouls,visitante,10.5,0.3476,0.1183,under,1.71,7,1,0.71
20251219E059C609,2025-12-19,17,Valencia CF,Real Club Deportivo Mallorca,CONSENSUS_CODERE_STYLE,Quintero González,Team Total Fouls,local,13.5,0.4362,0.0747,under,1.87,10,1,0.87
202512200DBF6DE0,2025-12-20,17,Real Oviedo,Real Club Celta de Vigo,CONSENSUS_CODERE_STYLE,Hernández Maeso,Team Total Fouls,visitante,12.5,0.3587,0.0923,under,1.66,7,1,0.66
20251220DFE15AC1,2025-12-20,17,Levante UD,Real Sociedad de Fútbol,CONSENSUS_CODERE_STYLE,Cuadra Fernández,Team Total Fouls,local,11.5,0.4382,0.0618,under,1.83,16,0,-1.0
2025122022ACFA10,2025-12-20,17,CA Osasuna,Deportivo Alavés,CONSENSUS_CODERE_STYLE,Soto Grado,Team Total Fouls,local,12.5,0.5206,0.0532,over,1.96,16,1,0.96
2025122022ACFA10,2025-12-20,17,CA Osasuna,Deportivo Alavés,CONSENSUS_CODERE_STYLE,Soto Grado,Team Total Fouls,visitante,13.5,0.3795,0.0743,under,1.67,11,1,0.67
20251220FE89B7B5,2025-12-20,17,Real Madrid CF,Sevilla FC,CONSENSUS_CODERE_STYLE,Muñiz Ruiz,Total Fouls,total,22.5,0.6354,0.1245,over,1.79,32,1,0.79
20251220FE89B7B5,2025-12-20,17,Real Madrid CF,Sevilla FC,CONSENSUS_CODERE_STYLE,Muñiz Ruiz,Team Total Fouls,visitante,13.5,0.619,0.1259,over,1.85,19,1,0.85
20251221B0BF2B92,2025-12-21,17,Girona FC,Club Atlético de Madrid,CONSENSUS_CODERE_STYLE,Guzmán Mansilla,Total Fouls,total,22.5,0.6507,0.1452,over,1.81,21,0,-1.0
20251221B0BF2B92,2025-12-21,17,Girona FC,Club Atlético de Madrid,CONSENSUS_CODERE_STYLE,Guzmán Mansilla,Team Total Fouls,visitante,12.5,0.5635,0.0512,over,1.78,14,1,0.78
20251221EA5E8D30,2025-12-21,17,Villarreal CF,FC Barcelona,CONSENSUS_CODERE_STYLE,Alberola Rojas,Total Fouls,total,21.5,0.6293,0.1089,over,1.76,18,0,-1.0
20251221E9470ADB,2025-12-21,17,Elche CF,Rayo Vallecano,CONSENSUS_CODERE_STYLE,Cordero Vega,Team Total Fouls,local,12.5,0.3568,0.1309,under,1.78,15,0,-1.0
20251221E9470ADB,2025-12-21,17,Elche CF,Rayo Vallecano,CONSENSUS_CODERE_STYLE,Cordero Vega,Team Total Fouls,visitante,14.5,0.5999,0.1081,over,1.86,11,0,-1.0
20251221A13A9C53,2025-12-21,17,Real Betis Balompié,Getafe CF,CONSENSUS_CODERE_STYLE,Sesma Espinosa,Team Total Fouls,visitante,15.5,0.5613,0.0941,over,1.95,12,0,-1.0
202512226F5FFECF,2025-12-22,17,Athletic Club Bilbao,Reial Club Deportiu Espanyol,CONSENSUS_CODERE_STYLE,Busquets Ferrer,Total Fouls,total,25.5,0.4454,0.0764,under,1.91,19,1,0.91
202512226F5FFECF,2025-12-22,17,Athletic Club Bilbao,Reial Club Deportiu Espanyol,CONSENSUS_CODERE_STYLE,Busquets Ferrer,Team Total Fouls,visitante,13.5,0.4037,0.0867,under,1.79,9,1,0.79
2026010297559AEF,2026-01-02,18,Rayo Vallecano,Getafe CF,CONSENSUS_CODERE_STYLE,Ortiz Arias,Total Fouls,total,27.5,0.3969,0.0827,under,1.76,23,1,0.76
2026010297559AEF,2026-01-02,18,Rayo Vallecano,Getafe CF,CONSENSUS_CODERE_STYLE,Ortiz Arias,Team Total Fouls,visitante,13.5,0.3658,0.1246,under,1.79,10,1,0.79
20260103B1366222,2026-01-03,18,Real Club Celta de Vigo,Valencia CF,CONSENSUS_CODERE_STYLE,De Burgos Bengoetxea,Team Total Fouls,local,11.5,0.4297,0.0553,under,1.77,10,1,0.77
20260103B1366222,2026-01-03,18,Real Club Celta de Vigo,Valencia CF,CONSENSUS_CODERE_STYLE,De Burgos Bengoetxea,Team Total Fouls,visitante,11.5,0.4002,0.0875,under,1.78,9,1,0.78
202601034155E861,2026-01-03,18,CA Osasuna,Athletic Club Bilbao,CONSENSUS_CODERE_STYLE,Munuera Montero,Total Fouls,total,25.5,0.4362,0.0502,under,1.78,31,0,-1.0
2026010363D78927,2026-01-03,18,Elche CF,Villarreal CF,CONSENSUS_CODERE_STYLE,Díaz de Mera,Total Fouls,total,25.5,0.556,0.0696,over,1.88,19,0,-1.0
2026010363D78927,2026-01-03,18,Elche CF,Villarreal CF,CONSENSUS_CODERE_STYLE,Díaz de Mera,Team Total Fouls,visitante,14.5,0.5585,0.0831,over,1.92,11,0,-1.0
20260104F4B88227,2026-01-04,18,Real Madrid CF,Real Betis Balompié,CONSENSUS_CODERE_STYLE,Hernández Hernández,Total Fouls,total,22.5,0.5896,0.1005,over,1.87,22,0,-1.0
2026010452B2AC63,2026-01-04,18,Real Club Deportivo Mallorca,Girona FC,CONSENSUS_CODERE_STYLE,Alberola Rojas,Team Total Fouls,local,13.5,0.5367,0.0708,over,1.96,10,0,-1.0
202601047EF7F228,2026-01-04,18,Deportivo Alavés,Real Oviedo,CONSENSUS_CODERE_STYLE,Gil Manzano,Total Fouls,total,25.5,0.4576,0.0548,under,1.87,31,0,-1.0
202601047EF7F228,2026-01-04,18,Deportivo Alavés,Real Oviedo,CONSENSUS_CODERE_STYLE,Gil Manzano,Team Total Fouls,local,13.5,0.3994,0.076,under,1.74,11,1,0.74
20260109E0070B5A,2026-01-09,19,Getafe CF,Real Sociedad de Fútbol,CONSENSUS_CODERE_STYLE,Hernández Maeso,Team Total Fouls,local,13.5,0.3678,0.1076,under,1.74,17,0,-1.0
20260110031DC7FA,2026-01-10,19,Real Oviedo,Real Betis Balompié,CONSENSUS_CODERE_STYLE,Cuadra Fernández,Team Total Fouls,local,13.5,0.5643,0.0956,over,1.95,15,1,0.95
20260110031DC7FA,2026-01-10,19,Real Oviedo,Real Betis Balompié,CONSENSUS_CODERE_STYLE,Cuadra Fernández,Team Total Fouls,visitante,10.5,0.3904,0.081,under,1.73,8,1,0.73
20260110A5D91743,2026-01-10,19,Villarreal CF,Deportivo Alavés,CONSENSUS_CODERE_STYLE,Muñiz Ruiz,Team Total Fouls,visitante,14.5,0.4242,0.0539,under,1.75,14,1,0.75
2026011061092742,2026-01-10,19,Girona FC,CA Osasuna,CONSENSUS_CODERE_STYLE,Hernández Hernández,Team Total Fouls,visitante,13.5,0.5676,0.0949,over,1.93,13,0,-1.0
20260110D34E61E4,2026-01-10,19,Valencia CF,Elche CF,CONSENSUS_CODERE_STYLE,Ortiz Arias,Team Total Fouls,visitante,12.5,0.4186,0.0636,under,1.76,14,0,-1.0
202601110CE04B2B,2026-01-11,19,Levante UD,Reial Club Deportiu Espanyol,CONSENSUS_CODERE_STYLE,Soto Grado,Team Total Fouls,local,12.5,0.4142,0.0557,under,1.72,10,1,0.72
202601160295715F,2026-01-16,20,Reial Club Deportiu Espanyol,Girona FC,CONSENSUS_CODERE_STYLE,Galech Apezteguía,Total Fouls,total,25.5,0.539,0.0622,over,1.92,34,1,0.92
202601160295715F,2026-01-16,20,Reial Club Deportiu Espanyol,Girona FC,CONSENSUS_CODERE_STYLE,Galech Apezteguía,Team Total Fouls,local,13.5,0.5721,0.0721,over,1.83,17,1,0.83
2026011797588D1B,2026-01-17,20,Real Madrid CF,Levante UD,CONSENSUS_CODERE_STYLE,Sesma Espinosa,Total Fouls,total,23.5,0.6033,0.1101,over,1.85,26,1,0.85
2026011797588D1B,2026-01-17,20,Real Madrid CF,Levante UD,CONSENSUS_CODERE_STYLE,Sesma Espinosa,Team Total Fouls,visitante,12.5,0.6396,0.1464,over,1.85,14,1,0.85
20260117C2CC0457,2026-01-17,20,Real Club Deportivo Mallorca,Athletic Club Bilbao,CONSENSUS_CODERE_STYLE,Guzmán Mansilla,Team Total Fouls,visitante,13.5,0.5274,0.056,over,1.94,10,0,-1.0
2026011713C497C7,2026-01-17,20,CA Osasuna,Real Oviedo,CONSENSUS_CODERE_STYLE,Quintero González,Team Total Fouls,local,12.5,0.4235,0.0519,under,1.74,14,0,-1.0
20260117A1434EED,2026-01-17,20,Real Betis Balompié,Villarreal CF,CONSENSUS_CODERE_STYLE,García Verdura,Total Fouls,total,22.5,0.6067,0.0849,over,1.75,27,1,0.75
202601192CDF89BF,2026-01-19,20,Elche CF,Sevilla FC,CONSENSUS_CODERE_STYLE,De Burgos Bengoetxea,Total Fouls,total,25.5,0.4466,0.0698,under,1.89,23,1,0.89
202601192CDF89BF,2026-01-19,20,Elche CF,Sevilla FC,CONSENSUS_CODERE_STYLE,De Burgos Bengoetxea,Team Total Fouls,local,11.5,0.4051,0.0542,under,1.69,11,1,0.69
20260123A3B96EFC,2026-01-23,21,Levante UD,Elche CF,CONSENSUS_CODERE_STYLE,Munuera Montero,Team Total Fouls,local,14.5,0.5356,0.0791,over,2.0,13,0,-1.0
2026012425FBA536,2026-01-24,21,Sevilla FC,Athletic Club Bilbao,CONSENSUS_CODERE_STYLE,Hernández Maeso,Total Fouls,total,25.5,0.4452,0.0712,under,1.89,28,0,-1.0
2026012425FBA536,2026-01-24,21,Sevilla FC,Athletic Club Bilbao,CONSENSUS_CODERE_STYLE,Hernández Maeso,Team Total Fouls,local,14.5,0.3528,0.1608,under,1.88,16,0,-1.0
202601244A22DF0A,2026-01-24,21,Villarreal CF,Real Madrid CF,CONSENSUS_CODERE_STYLE,Soto Grado,Team Total Fouls,visitante,11.5,0.3674,0.0891,under,1.68,10,1,0.68
20260125009A8161,2026-01-25,21,Club Atlético de Madrid,Real Club Deportivo Mallorca,CONSENSUS_CODERE_STYLE,Sánchez Martínez,Total Fouls,total,23.5,0.5443,0.062,over,1.9,17,0,-1.0
202601257D4CDB7B,2026-01-25,21,FC Barcelona,Real Oviedo,CONSENSUS_CODERE_STYLE,Martínez Munuera,Total Fouls,total,20.5,0.6981,0.1763,over,1.75,29,1,0.75
202601257D4CDB7B,2026-01-25,21,FC Barcelona,Real Oviedo,CONSENSUS_CODERE_STYLE,Martínez Munuera,Team Total Fouls,visitante,11.5,0.6388,0.1511,over,1.87,21,1,0.87
202601306F2D8403,2026-01-30,22,Reial Club Deportiu Espanyol,Deportivo Alavés,CONSENSUS_CODERE_STYLE,Sesma Espinosa,Team Total Fouls,visitante,14.5,0.4447,0.0512,under,1.81,15,0,-1.0
20260131921C8D32,2026-01-31,22,Real Oviedo,Girona FC,CONSENSUS_CODERE_STYLE,Alberola Rojas,Team Total Fouls,visitante,11.5,0.4003,0.0874,under,1.78,16,0,-1.0
20260131999938A5,2026-01-31,22,CA Osasuna,Villarreal CF,CONSENSUS_CODERE_STYLE,De Burgos Bengoetxea,Total Fouls,total,24.5,0.2883,0.1871,under,1.74,22,1,0.74
20260131999938A5,2026-01-31,22,CA Osasuna,Villarreal CF,CONSENSUS_CODERE_STYLE,De Burgos Bengoetxea,Team Total Fouls,local,12.5,0.3742,0.1217,under,1.81,15,0,-1.0
20260131999938A5,2026-01-31,22,CA Osasuna,Villarreal CF,CONSENSUS_CODERE_STYLE,De Burgos Bengoetxea,Team Total Fouls,visitante,11.5,0.3122,0.1809,under,1.8,7,1,0.8
2026013146469935,2026-01-31,22,Levante UD,Club Atlético de Madrid,CONSENSUS_CODERE_STYLE,García Verdura,Total Fouls,total,21.5,0.5957,0.0711,over,1.74,23,1,0.74
20260131CB5D75C0,2026-01-31,22,Elche CF,FC Barcelona,CONSENSUS_CODERE_STYLE,Muñiz Ruiz,Total Fouls,total,22.5,0.5839,0.073,over,1.79,24,1,0.79
20260131CB5D75C0,2026-01-31,22,Elche CF,FC Barcelona,CONSENSUS_CODERE_STYLE,Muñiz Ruiz,Team Total Fouls,visitante,10.5,0.5389,0.0663,over,1.93,9,0,-1.0
2026020117E2753E,2026-02-01,22,Real Madrid CF,Rayo Vallecano,CONSENSUS_CODERE_STYLE,Díaz de Mera,Total Fouls,total,24.5,0.5389,0.058,over,1.9,24,0,-1.0
2026020117E2753E,2026-02-01,22,Real Madrid CF,Rayo Vallecano,CONSENSUS_CODERE_STYLE,Díaz de Mera,Team Total Fouls,local,10.5,0.3697,0.1112,under,1.76,6,1,0.76
2026020117E2753E,2026-02-01,22,Real Madrid CF,Rayo Vallecano,CONSENSUS_CODERE_STYLE,Díaz de Mera,Team Total Fouls,visitante,14.5,0.6288,0.1493,over,1.9,18,1,0.9
20260201755D0A8B,2026-02-01,22,Real Betis Balompié,Valencia CF,CONSENSUS_CODERE_STYLE,Sánchez Martínez,Total Fouls,total,24.5,0.5378,0.0637,over,1.93,28,1,0.93
20260201755D0A8B,2026-02-01,22,Real Betis Balompié,Valencia CF,CONSENSUS_CODERE_STYLE,Sánchez Martínez,Team Total Fouls,local,11.5,0.4366,0.0565,under,1.8,15,0,-1.0
20260201755D0A8B,2026-02-01,22,Real Betis Balompié,Valencia CF,CONSENSUS_CODERE_STYLE,Sánchez Martínez,Team Total Fouls,visitante,13.5,0.5808,0.1054,over,1.92,13,0,-1.0
202602018EAF8AC1,2026-02-01,22,Getafe CF,Real Club Celta de Vigo,CONSENSUS_CODERE_STYLE,Galech Apezteguía,Team Total Fouls,visitante,12.5,0.6351,0.1759,over,1.99,14,1,0.99
202602013DC98475,2026-02-01,22,Athletic Club Bilbao,Real Sociedad de Fútbol,CONSENSUS_CODERE_STYLE,Cuadra Fernández,Total Fouls,total,28.5,0.3373,0.1682,under,1.85,28,1,0.85
202602013DC98475,2026-02-01,22,Athletic Club Bilbao,Real Sociedad de Fútbol,CONSENSUS_CODERE_STYLE,Cuadra Fernández,Team Total Fouls,local,14.5,0.3772,0.0982,under,1.74,14,1,0.74
202602013DC98475,2026-02-01,22,Athletic Club Bilbao,Real Sociedad de Fútbol,CONSENSUS_CODERE_STYLE,Cuadra Fernández,Team Total Fouls,visitante,14.5,0.4281,0.0528,under,1.76,14,1,0.76
202602022CF65AF7,2026-02-02,22,Real Club Deportivo Mallorca,Sevilla FC,CONSENSUS_CODERE_STYLE,Soto Grado,Total Fouls,total,25.5,0.4264,0.075,under,1.83,24,1,0.83
202602022CF65AF7,2026-02-02,22,Real Club Deportivo Mallorca,Sevilla FC,CONSENSUS_CODERE_STYLE,Soto Grado,Team Total Fouls,visitante,14.5,0.3846,0.1003,under,1.77,8,1,0.77
202602075A4076C8,2026-02-07,23,FC Barcelona,Real Club Deportivo Mallorca,CONSENSUS_CODERE_STYLE,Quintero González,Total Fouls,total,20.5,0.6748,0.153,over,1.75,16,0,-1.0
202602075A4076C8,2026-02-07,23,FC Barcelona,Real Club Deportivo Mallorca,CONSENSUS_CODERE_STYLE,Quintero González,Team Total Fouls,visitante,11.5,0.583,0.0789,over,1.81,9,0,-1.0
20260207A49F5DF4,2026-02-07,23,Real Sociedad de Fútbol,Elche CF,CONSENSUS_CODERE_STYLE,Guzmán Mansilla,Team Total Fouls,local,14.5,0.5795,0.0987,over,1.9,14,0,-1.0
20260208FAE195E3,2026-02-08,23,Deportivo Alavés,Getafe CF,CONSENSUS_CODERE_STYLE,Martínez Munuera,Team Total Fouls,local,15.5,0.5433,0.0557,over,1.87,20,1,0.87
202602074DAA6449,2026-02-08,23,Sevilla FC,Girona FC,CONSENSUS_CODERE_STYLE,Gil Manzano,Team Total Fouls,visitante,12.5,0.441,0.0521,under,1.8,13,0,-1.0
20260208A8800C23,2026-02-08,23,Club Atlético de Madrid,Real Betis Balompié,CONSENSUS_CODERE_STYLE,Busquets Ferrer,Total Fouls,total,22.5,0.571,0.0941,over,1.92,15,0,-1.0
20260208A8800C23,2026-02-08,23,Club Atlético de Madrid,Real Betis Balompié,CONSENSUS_CODERE_STYLE,Busquets Ferrer,Team Total Fouls,local,11.5,0.5981,0.0735,over,1.74,12,1,0.74
20260208A8800C23,2026-02-08,23,Club Atlético de Madrid,Real Betis Balompié,CONSENSUS_CODERE_STYLE,Busquets Ferrer,Team Total Fouls,visitante,10.5,0.4106,0.0566,under,1.71,3,1,0.71
20260208113DB5C2,2026-02-08,23,Valencia CF,Real Madrid CF,CONSENSUS_CODERE_STYLE,Alberola Rojas,Team Total Fouls,local,13.5,0.5918,0.1176,over,1.93,10,0,-1.0
202602098EA7333F,2026-02-09,23,Villarreal CF,Reial Club Deportiu Espanyol,CONSENSUS_CODERE_STYLE,Cordero Vega,Total Fouls,total,24.5,0.4699,0.0547,under,1.92,29,0,-1.0
202602098EA7333F,2026-02-09,23,Villarreal CF,Reial Club Deportiu Espanyol,CONSENSUS_CODERE_STYLE,Cordero Vega,Team Total Fouls,local,12.5,0.4111,0.0834,under,1.81,18,0,-1.0
2026021351434F7B,2026-02-13,24,Elche CF,CA Osasuna,CONSENSUS_CODERE_STYLE,Sánchez Martínez,Team Total Fouls,local,12.5,0.3695,0.1333,under,1.84,13,0,-1.0
2026021351434F7B,2026-02-13,24,Elche CF,CA Osasuna,CONSENSUS_CODERE_STYLE,Sánchez Martínez,Team Total Fouls,visitante,14.5,0.5828,0.0992,over,1.89,18,1,0.89
2026021467E3E10F,2026-02-14,24,Reial Club Deportiu Espanyol,Real Club Celta de Vigo,CONSENSUS_CODERE_STYLE,Cuadra Fernández,Total Fouls,total,25.5,0.4265,0.0762,under,1.84,20,1,0.84
2026021467E3E10F,2026-02-14,24,Reial Club Deportiu Espanyol,Real Club Celta de Vigo,CONSENSUS_CODERE_STYLE,Cuadra Fernández,Team Total Fouls,local,13.5,0.4142,0.0557,under,1.72,9,1,0.72
20260215E873DA58,2026-02-14,24,Getafe CF,Villarreal CF,CONSENSUS_CODERE_STYLE,Sesma Espinosa,Total Fouls,total,28.5,0.4609,0.0528,under,1.88,38,0,-1.0
20260215E873DA58,2026-02-14,24,Getafe CF,Villarreal CF,CONSENSUS_CODERE_STYLE,Sesma Espinosa,Team Total Fouls,local,15.5,0.3876,0.0838,under,1.73,21,0,-1.0
20260214BC9743A6,2026-02-14,24,Real Madrid CF,Real Sociedad de Fútbol,CONSENSUS_CODERE_STYLE,Hernández Maeso,Team Total Fouls,local,9.5,0.3894,0.078,under,1.72,10,0,-1.0
20260214BC9743A6,2026-02-14,24,Real Madrid CF,Real Sociedad de Fútbol,CONSENSUS_CODERE_STYLE,Hernández Maeso,Team Total Fouls,visitante,14.5,0.5954,0.1281,over,1.95,9,0,-1.0
20260215C2621665,2026-02-15,24,Real Oviedo,Athletic Club Bilbao,CONSENSUS_CODERE_STYLE,Busquets Ferrer,Total Fouls,total,24.5,0.4282,0.0745,under,1.84,28,0,-1.0
20260215C2621665,2026-02-15,24,Real Oviedo,Athletic Club Bilbao,CONSENSUS_CODERE_STYLE,Busquets Ferrer,Team Total Fouls,visitante,13.5,0.3669,0.1031,under,1.72,20,0,-1.0
2026021416EF0FA3,2026-02-15,24,Rayo Vallecano,Club Atlético de Madrid,CONSENSUS_CODERE_STYLE,De Burgos Bengoetxea,Total Fouls,total,22.5,0.382,0.1111,under,1.8,23,0,-1.0
2026021416EF0FA3,2026-02-15,24,Rayo Vallecano,Club Atlético de Madrid,CONSENSUS_CODERE_STYLE,De Burgos Bengoetxea,Team Total Fouls,local,11.5,0.3842,0.124,under,1.86,10,1,0.86
2026021416EF0FA3,2026-02-15,24,Rayo Vallecano,Club Atlético de Madrid,CONSENSUS_CODERE_STYLE,De Burgos Bengoetxea,Team Total Fouls,visitante,10.5,0.4042,0.089,under,1.8,13,0,-1.0
202602158E606D46,2026-02-15,24,Levante UD,Valencia CF,CONSENSUS_CODERE_STYLE,Ortiz Arias,Total Fouls,total,26.5,0.3593,0.1243,under,1.77,21,1,0.77
202602158E606D46,2026-02-15,24,Levante UD,Valencia CF,CONSENSUS_CODERE_STYLE,Ortiz Arias,Team Total Fouls,local,13.5,0.3856,0.0925,under,1.75,11,1,0.75
202602158E606D46,2026-02-15,24,Levante UD,Valencia CF,CONSENSUS_CODERE_STYLE,Ortiz Arias,Team Total Fouls,visitante,13.5,0.4116,0.0788,under,1.79,10,1,0.79
20260215BA02EF2E,2026-02-15,24,Real Club Deportivo Mallorca,Real Betis Balompié,CONSENSUS_CODERE_STYLE,Díaz de Mera,Total Fouls,total,22.5,0.6265,0.1006,over,1.74,26,1,0.74
20260215BA02EF2E,2026-02-15,24,Real Club Deportivo Mallorca,Real Betis Balompié,CONSENSUS_CODERE_STYLE,Díaz de Mera,Team Total Fouls,local,12.5,0.6062,0.1048,over,1.82,16,1,0.82
20260216608D7444,2026-02-16,24,Girona FC,FC Barcelona,CONSENSUS_CODERE_STYLE,Soto Grado,Total Fouls,total,20.5,0.5871,0.0652,over,1.75,16,0,-1.0
2026021862B10740,2026-02-18,16,Levante UD,Villarreal CF,CONSENSUS_CODERE_STYLE,Martínez Munuera,Team Total Fouls,visitante,12.5,0.5171,0.0511,over,1.96,20,1,0.96
202602203576C222,2026-02-20,25,Athletic Club Bilbao,Elche CF,CONSENSUS_CODERE_STYLE,Hernández Hernández,Team Total Fouls,local,14.5,0.5542,0.0801,over,1.93,18,1,0.93
20260221DB1B63B6,2026-02-21,25,CA Osasuna,Real Madrid CF,CONSENSUS_CODERE_STYLE,Quintero González,Total Fouls,total,22.5,0.6134,0.1244,over,1.87,29,1,0.87
20260221DB1B63B6,2026-02-21,25,CA Osasuna,Real Madrid CF,CONSENSUS_CODERE_STYLE,Quintero González,Team Total Fouls,local,13.5,0.6303,0.1467,over,1.89,19,1,0.89
20260221DB1B63B6,2026-02-21,25,CA Osasuna,Real Madrid CF,CONSENSUS_CODERE_STYLE,Quintero González,Team Total Fouls,visitante,10.5,0.3696,0.1085,under,1.75,10,1,0.75
202602225BA629D4,2026-02-22,25,Getafe CF,Sevilla FC,CONSENSUS_CODERE_STYLE,Busquets Ferrer,Total Fouls,total,29.5,0.4182,0.0722,under,1.79,23,1,0.79
202602225BA629D4,2026-02-22,25,Getafe CF,Sevilla FC,CONSENSUS_CODERE_STYLE,Busquets Ferrer,Team Total Fouls,local,14.5,0.3853,0.0888,under,1.74,5,1,0.74
202602225BA629D4,2026-02-22,25,Getafe CF,Sevilla FC,CONSENSUS_CODERE_STYLE,Busquets Ferrer,Team Total Fouls,visitante,14.5,0.5412,0.0685,over,1.93,18,1,0.93
2026022217F79B8C,2026-02-22,25,FC Barcelona,Levante UD,CONSENSUS_CODERE_STYLE,Alberola Rojas,Total Fouls,total,20.5,0.6794,0.1684,over,1.79,22,1,0.79
2026022217F79B8C,2026-02-22,25,FC Barcelona,Levante UD,CONSENSUS_CODERE_STYLE,Alberola Rojas,Team Total Fouls,local,9.5,0.5122,0.053,over,1.99,12,1,0.99
2026022270F58B3C,2026-02-22,25,Real Club Celta de Vigo,Real Club Deportivo Mallorca,CONSENSUS_CODERE_STYLE,Guzmán Mansilla,Team Total Fouls,visitante,14.5,0.3927,0.1319,under,1.92,10,1,0.92
20260228AF2FE0AA,2026-02-28,26,FC Barcelona,Villarreal CF,CONSENSUS_CODERE_STYLE,Díaz de Mera,Total Fouls,total,22.5,0.5941,0.0832,over,1.79,20,0,-1.0
20260228AF2FE0AA,2026-02-28,26,FC Barcelona,Villarreal CF,CONSENSUS_CODERE_STYLE,Díaz de Mera,Team Total Fouls,visitante,12.5,0.5282,0.0528,over,1.92,9,0,-1.0
20260301DFB3E60F,2026-03-01,26,Elche CF,Reial Club Deportiu Espanyol,CONSENSUS_CODERE_STYLE,Galech Apezteguía,Total Fouls,total,25.5,0.5855,0.0637,over,1.75,37,1,0.75
20260301DFB3E60F,2026-03-01,26,Elche CF,Reial Club Deportiu Espanyol,CONSENSUS_CODERE_STYLE,Galech Apezteguía,Team Total Fouls,visitante,14.5,0.6104,0.1254,over,1.88,23,1,0.88
202603016CAA6CAD,2026-03-01,26,Valencia CF,CA Osasuna,CONSENSUS_CODERE_STYLE,Cordero Vega,Team Total Fouls,local,12.5,0.3931,0.0796,under,1.73,14,0,-1.0
202603010575ED26,2026-03-01,26,Real Betis Balompié,Sevilla FC,CONSENSUS_CODERE_STYLE,De Burgos Bengoetxea,Total Fouls,total,27.5,0.3552,0.1202,under,1.74,27,1,0.74
202603010575ED26,2026-03-01,26,Real Betis Balompié,Sevilla FC,CONSENSUS_CODERE_STYLE,De Burgos Bengoetxea,Team Total Fouls,local,11.5,0.3693,0.0899,under,1.69,12,0,-1.0
20260301D37F73FB,2026-03-01,26,Girona FC,Real Club Celta de Vigo,CONSENSUS_CODERE_STYLE,Ortiz Arias,Team Total Fouls,local,11.5,0.3661,0.1202,under,1.78,9,1,0.78
20260302CD5C78C3,2026-03-02,26,Real Madrid CF,Getafe CF,CONSENSUS_CODERE_STYLE,Muñiz Ruiz,Total Fouls,total,24.5,0.5824,0.0605,over,1.75,28,1,0.75
20260302CD5C78C3,2026-03-02,26,Real Madrid CF,Getafe CF,CONSENSUS_CODERE_STYLE,Muñiz Ruiz,Team Total Fouls,visitante,15.5,0.543,0.0703,over,1.93,17,1,0.93
2026030711A3355E,2026-03-06,27,Real Club Celta de Vigo,Real Madrid CF,CONSENSUS_CODERE_STYLE,Díaz de Mera,Total Fouls,total,23.5,0.5568,0.0596,over,1.84,16,0,-1.0
2026030711A3355E,2026-03-06,27,Real Club Celta de Vigo,Real Madrid CF,CONSENSUS_CODERE_STYLE,Díaz de Mera,Team Total Fouls,local,12.5,0.6171,0.1253,over,1.86,4,0,-1.0
2026030711A3355E,2026-03-06,27,Real Club Celta de Vigo,Real Madrid CF,CONSENSUS_CODERE_STYLE,Díaz de Mera,Team Total Fouls,visitante,10.5,0.4205,0.1014,under,1.91,12,0,-1.0
202603075C764F4E,2026-03-07,27,Club Atlético de Madrid,Real Sociedad de Fútbol,CONSENSUS_CODERE_STYLE,Cordero Vega,Team Total Fouls,local,12.5,0.3856,0.0724,under,1.69,6,1,0.69
2026030825661299,2026-03-07,27,Athletic Club Bilbao,FC Barcelona,CONSENSUS_CODERE_STYLE,Munuera Montero,Team Total Fouls,visitante,10.5,0.4422,0.055,under,1.82,9,1,0.82
202603083D6BC4C5,2026-03-08,27,Villarreal CF,Elche CF,CONSENSUS_CODERE_STYLE,García Verdura,Total Fouls,total,24.5,0.5674,0.051,over,1.77,27,1,0.77
202603083D6BC4C5,2026-03-08,27,Villarreal CF,Elche CF,CONSENSUS_CODERE_STYLE,García Verdura,Team Total Fouls,local,13.5,0.5804,0.1185,over,1.98,11,0,-1.0
2026030752453A6C,2026-03-08,27,Getafe CF,Real Betis Balompié,CONSENSUS_CODERE_STYLE,Hernández Maeso,Team Total Fouls,visitante,15.5,0.3782,0.0972,under,1.74,8,1,0.74
202603080A081C02,2026-03-08,27,Sevilla FC,Rayo Vallecano,CONSENSUS_CODERE_STYLE,Muñiz Ruiz,Total Fouls,total,27.5,0.3702,0.1052,under,1.74,28,0,-1.0
202603080A081C02,2026-03-08,27,Sevilla FC,Rayo Vallecano,CONSENSUS_CODERE_STYLE,Muñiz Ruiz,Team Total Fouls,local,13.5,0.385,0.1205,under,1.85,13,1,0.85
202603143F46EA17,2026-03-14,28,Girona FC,Athletic Club Bilbao,CODERE,,Total Fouls,total,26.5,0.4416,0.0855,under,1.95,24,1,0.95
202603143F46EA17,2026-03-14,28,Girona FC,Athletic Club Bilbao,CODERE,,Team Total Fouls,local,12.5,0.3654,0.121,under,1.8,8,1,0.8
2026031497F1361D,2026-03-14,28,Club Atlético de Madrid,Getafe CF,CODERE,,Team Total Fouls,local,11.5,0.5686,0.0957,over,1.95,11,0,-1.0
2026031497F1361D,2026-03-14,28,Club Atlético de Madrid,Getafe CF,CODERE,,Team Total Fouls,visitante,13.5,0.3983,0.0747,under,1.75,11,1,0.75
2026031448F8DD41,2026-03-14,28,Real Oviedo,Valencia CF,CODERE,,Total Fouls,total,26.5,0.3948,0.1052,under,1.85,23,1,0.85
2026031448F8DD41,2026-03-14,28,Real Oviedo,Valencia CF,CODERE,,Team Total Fouls,visitante,12.5,0.4206,0.093,under,1.9,11,1,0.9
20260314A0FD8936,2026-03-14,28,Real Madrid CF,Elche CF,CODERE,,Total Fouls,total,24.5,0.5631,0.0631,over,1.82,32,1,0.82
20260314A0FD8936,2026-03-14,28,Real Madrid CF,Elche CF,CODERE,,Team Total Fouls,visitante,12.5,0.5859,0.0517,over,1.7,21,1,0.7
202603157FB4645E,2026-03-15,28,Real Club Deportivo Mallorca,Reial Club Deportiu Espanyol,CONSENSUS_CODERE_STYLE,,Total Fouls,total,21.5,0.6327,0.1178,over,1.78,25,1,0.78
202603152BD50E40,2026-03-15,28,FC Barcelona,Sevilla FC,CONSENSUS_CODERE_STYLE,,Total Fouls,total,24.5,0.5267,0.0513,over,1.92,19,0,-1.0
202603150DD5CD50,2026-03-15,28,Real Betis Balompié,Real Club Celta de Vigo,CONSENSUS_CODERE_STYLE,,Team Total Fouls,local,11.5,0.3957,0.0784,under,1.74,11,1,0.74
202603150DD5CD50,2026-03-15,28,Real Betis Balompié,Real Club Celta de Vigo,CONSENSUS_CODERE_STYLE,,Team Total Fouls,visitante,13.5,0.5405,0.0624,over,1.91,16,1,0.91
20260320F9079C62,2026-03-20,29,Villarreal CF,Real Sociedad de Fútbol,CODERE,,Total Fouls,total,24.5,0.5249,0.0519,over,1.95,21,0,-1.0
20260320F9079C62,2026-03-20,29,Villarreal CF,Real Sociedad de Fútbol,CODERE,,Team Total Fouls,local,11.5,0.4362,0.0706,under,1.85,10,1,0.85
20260320F9079C62,2026-03-20,29,Villarreal CF,Real Sociedad de Fútbol,CODERE,,Team Total Fouls,visitante,13.5,0.542,0.0668,over,1.9,11,0,-1.0
2026032100A71073,2026-03-21,29,Elche CF,Real Club Deportivo Mallorca,CONSENSUS_CODERE_STYLE,,Total Fouls,total,27.5,0.4331,0.0573,under,1.79,23,1,0.79
2026032100A71073,2026-03-21,29,Elche CF,Real Club Deportivo Mallorca,CONSENSUS_CODERE_STYLE,,Team Total Fouls,local,13.5,0.3914,0.0679,under,1.69,12,1,0.69
2026032185269238,2026-03-21,29,Reial Club Deportiu Espanyol,Getafe CF,CONSENSUS_CODERE_STYLE,,Team Total Fouls,local,15.5,0.4408,0.0701,under,1.87,14,1,0.87
2026032185269238,2026-03-21,29,Reial Club Deportiu Espanyol,Getafe CF,CONSENSUS_CODERE_STYLE,,Team Total Fouls,visitante,14.5,0.4163,0.0536,under,1.72,20,0,-1.0
2026032138328595,2026-03-21,29,Levante UD,Real Oviedo,CONSENSUS_CODERE_STYLE,,Team Total Fouls,local,11.5,0.4407,0.0593,under,1.83,17,0,-1.0
20260321A4C73D83,2026-03-21,29,CA Osasuna,Girona FC,CONSENSUS_CODERE_STYLE,,Team Total Fouls,visitante,11.5,0.4277,0.0681,under,1.81,7,1,0.81
2026032107DCFE84,2026-03-21,29,Sevilla FC,Valencia CF,CONSENSUS_CODERE_STYLE,,Team Total Fouls,visitante,13.5,0.4187,0.0635,under,1.76,6,1,0.76
202603226C209867,2026-03-22,29,FC Barcelona,Rayo Vallecano,CODERE,,Total Fouls,total,22.5,0.5866,0.0731,over,1.8,23,1,0.8
202603226C209867,2026-03-22,29,FC Barcelona,Rayo Vallecano,CODERE,,Team Total Fouls,local,10.5,0.422,0.0848,under,1.85,12,0,-1.0
20260322DC5455BD,2026-03-22,29,Athletic Club Bilbao,Real Betis Balompié,CONSENSUS_CODERE_STYLE,,Team Total Fouls,local,14.5,0.5703,0.0921,over,1.91,10,0,-1.0
20260322DC5455BD,2026-03-22,29,Athletic Club Bilbao,Real Betis Balompié,CONSENSUS_CODERE_STYLE,,Team Total Fouls,visitante,11.5,0.3705,0.09,under,1.69,6,1,0.69
2026032259CEFF91,2026-03-22,29,Real Madrid CF,Club Atlético de Madrid,CONSENSUS_CODERE_STYLE,,Team Total Fouls,local,11.5,0.3182,0.19,under,1.86,2,1,0.86
2026032259CEFF91,2026-03-22,29,Real Madrid CF,Club Atlético de Madrid,CONSENSUS_CODERE_STYLE,,Team Total Fouls,visitante,13.5,0.5623,0.0609,over,1.82,15,1,0.82
2026040333DB7D96,2026-04-03,30,Rayo Vallecano,Elche CF,CONSENSUS_CODERE_STYLE,,Team Total Fouls,local,13.5,0.5992,0.1183,over,1.9,17,1,0.9
2026040333DB7D96,2026-04-03,30,Rayo Vallecano,Elche CF,CONSENSUS_CODERE_STYLE,,Team Total Fouls,visitante,12.5,0.4153,0.0916,under,1.85,9,1,0.85
20260404237E9F11,2026-04-04,30,Real Sociedad de Fútbol,Levante UD,CONSENSUS_CODERE_STYLE,,Team Total Fouls,visitante,12.5,0.4212,0.0542,under,1.74,15,0,-1.0
20260404F1F235C6,2026-04-04,30,Real Club Deportivo Mallorca,Real Madrid CF,CONSENSUS_CODERE_STYLE,,Team Total Fouls,local,13.5,0.5673,0.0864,over,1.9,16,1,0.9
20260404F1F235C6,2026-04-04,30,Real Club Deportivo Mallorca,Real Madrid CF,CONSENSUS_CODERE_STYLE,,Team Total Fouls,visitante,11.5,0.3893,0.0699,under,1.69,13,0,-1.0
20260405B14FAC3F,2026-04-04,30,Real Betis Balompié,Reial Club Deportiu Espanyol,CONSENSUS_CODERE_STYLE,,Total Fouls,total,23.5,0.5869,0.0733,over,1.78,30,1,0.78
20260405B14FAC3F,2026-04-04,30,Real Betis Balompié,Reial Club Deportiu Espanyol,CONSENSUS_CODERE_STYLE,,Team Total Fouls,local,12.5,0.3959,0.0987,under,1.81,12,1,0.81
20260405B14FAC3F,2026-04-04,30,Real Betis Balompié,Reial Club Deportiu Espanyol,CONSENSUS_CODERE_STYLE,,Team Total Fouls,visitante,13.5,0.5782,0.0686,over,1.79,18,1,0.79
2026040490B01546,2026-04-04,30,Club Atlético de Madrid,FC Barcelona,CONSENSUS_CODERE_STYLE,,Team Total Fouls,visitante,11.5,0.3506,0.1126,under,1.7,11,1,0.7
20260405F2F826E8,2026-04-05,30,Getafe CF,Athletic Club Bilbao,CONSENSUS_CODERE_STYLE,,Total Fouls,total,28.5,0.4113,0.086,under,1.82,22,1,0.82
20260405F2F826E8,2026-04-05,30,Getafe CF,Athletic Club Bilbao,CONSENSUS_CODERE_STYLE,,Team Total Fouls,local,13.5,0.3692,0.139,under,1.86,11,1,0.86
20260405F2F826E8,2026-04-05,30,Getafe CF,Athletic Club Bilbao,CONSENSUS_CODERE_STYLE,,Team Total Fouls,visitante,14.5,0.5366,0.0544,over,1.89,11,0,-1.0
202604057489FAFF,2026-04-05,30,Valencia CF,Real Club Celta de Vigo,CONSENSUS_CODERE_STYLE,,Total Fouls,total,24.5,0.4554,0.05,under,1.85,35,0,-1.0
202604057489FAFF,2026-04-05,30,Valencia CF,Real Club Celta de Vigo,CONSENSUS_CODERE_STYLE,,Team Total Fouls,local,14.5,0.3506,0.106,under,1.68,14,1,0.68
2026040499900F11,2026-04-05,30,Deportivo Alavés,CA Osasuna,CONSENSUS_CODERE_STYLE,,Team Total Fouls,local,14.5,0.3475,0.1239,under,1.73,7,1,0.73
2026040499900F11,2026-04-05,30,Deportivo Alavés,CA Osasuna,CONSENSUS_CODERE_STYLE,,Team Total Fouls,visitante,13.5,0.5316,0.0549,over,1.91,17,1,0.91
20260406632FD159,2026-04-06,30,Girona FC,Villarreal CF,CONSENSUS_CODERE_STYLE,,Total Fouls,total,23.5,0.5673,0.0536,over,1.78,17,0,-1.0
20260410B1545B95,2026-04-10,31,Real Madrid CF,Girona FC,CONSENSUS_CODERE_STYLE,,Total Fouls,total,20.5,0.6844,0.1926,over,1.86,22,1,0.86
20260410B1545B95,2026-04-10,31,Real Madrid CF,Girona FC,CONSENSUS_CODERE_STYLE,,Team Total Fouls,visitante,12.5,0.5405,0.0541,over,1.88,13,1,0.88
202604116CB74173,2026-04-11,31,Real Sociedad de Fútbol,Deportivo Alavés,CONSENSUS_CODERE_STYLE,,Team Total Fouls,local,12.5,0.5913,0.1009,over,1.86,11,0,-1.0
202604116CB74173,2026-04-11,31,Real Sociedad de Fútbol,Deportivo Alavés,CONSENSUS_CODERE_STYLE,,Team Total Fouls,visitante,15.5,0.3391,0.165,under,1.84,18,0,-1.0
20260411154EF041,2026-04-11,31,Elche CF,Valencia CF,CONSENSUS_CODERE_STYLE,,Team Total Fouls,visitante,13.5,0.5531,0.0736,over,1.9,18,1,0.9
2026041205EE0CF2,2026-04-12,31,CA Osasuna,Real Betis Balompié,CONSENSUS_CODERE_STYLE,,Total Fouls,total,24.5,0.5331,0.0508,over,1.9,26,1,0.9
2026041205EE0CF2,2026-04-12,31,CA Osasuna,Real Betis Balompié,CONSENSUS_CODERE_STYLE,,Team Total Fouls,visitante,10.5,0.4034,0.0692,under,1.73,12,0,-1.0
202604123E988A5E,2026-04-12,31,Real Club Deportivo Mallorca,Rayo Vallecano,CONSENSUS_CODERE_STYLE,,Total Fouls,total,25.5,0.4296,0.0568,under,1.78,24,1,0.78
202604123E988A5E,2026-04-12,31,Real Club Deportivo Mallorca,Rayo Vallecano,CONSENSUS_CODERE_STYLE,,Team Total Fouls,local,14.5,0.3232,0.1254,under,1.66,13,1,0.66
2026041288CF5958,2026-04-12,31,Real Club Celta de Vigo,Real Oviedo,CONSENSUS_CODERE_STYLE,,Total Fouls,total,22.5,0.5866,0.0674,over,1.76,22,0,-1.0
2026041277447EF9,2026-04-12,31,Athletic Club Bilbao,Villarreal CF,CONSENSUS_CODERE_STYLE,,Team Total Fouls,visitante,12.5,0.3832,0.0868,under,1.72,8,1,0.72
202604212C85C7FE,2026-04-21,33,Athletic Club Bilbao,CA Osasuna,CONSENSUS_CODERE_STYLE,,Total Fouls,total,25.5,0.41,0.1009,under,1.87,23,1,0.87
20260421D7FDC5CA,2026-04-21,33,Real Madrid CF,Deportivo Alavés,CONSENSUS_CODERE_STYLE,,Total Fouls,total,24.5,0.5679,0.0543,over,1.78,26,1,0.78
20260421D7FDC5CA,2026-04-21,33,Real Madrid CF,Deportivo Alavés,CONSENSUS_CODERE_STYLE,,Team Total Fouls,local,11.5,0.4113,0.0507,under,1.7,14,0,-1.0
20260422219A0301,2026-04-22,33,Elche CF,Club Atlético de Madrid,CONSENSUS_CODERE_STYLE,,Team Total Fouls,local,13.5,0.3033,0.1493,under,1.67,11,1,0.67
20260422CF3A4932,2026-04-22,33,Real Sociedad de Fútbol,Getafe CF,CONSENSUS_CODERE_STYLE,,Team Total Fouls,local,12.5,0.6305,0.1401,over,1.86,13,1,0.86
20260422CF3A4932,2026-04-22,33,Real Sociedad de Fútbol,Getafe CF,CONSENSUS_CODERE_STYLE,,Team Total Fouls,visitante,14.5,0.3894,0.0738,under,1.7,22,0,-1.0
20260422FF21C040,2026-04-22,33,FC Barcelona,Real Club Celta de Vigo,CONSENSUS_CODERE_STYLE,,Total Fouls,total,20.5,0.633,0.1167,over,1.77,23,1,0.77
2026042349BAED25,2026-04-23,33,Levante UD,Sevilla FC,CONSENSUS_CODERE_STYLE,,Total Fouls,total,28.5,0.3791,0.1099,under,1.79,33,0,-1.0
2026042349BAED25,2026-04-23,33,Levante UD,Sevilla FC,CONSENSUS_CODERE_STYLE,,Team Total Fouls,local,15.5,0.2923,0.1576,under,1.66,17,0,-1.0
2026042349BAED25,2026-04-23,33,Levante UD,Sevilla FC,CONSENSUS_CODERE_STYLE,,Team Total Fouls,visitante,16.5,0.418,0.0888,under,1.85,16,1,0.85
20260423E22F11AA,2026-04-23,33,Rayo Vallecano,Reial Club Deportiu Espanyol,CONSENSUS_CODERE_STYLE,,Team Total Fouls,visitante,12.5,0.451,0.0614,under,1.87,15,0,-1.0
20260423AC2F7B19,2026-04-23,33,Real Oviedo,Villarreal CF,CONSENSUS_CODERE_STYLE,,Total Fouls,total,22.5,0.5833,0.0696,over,1.78,20,0,-1.0
20260423AC2F7B19,2026-04-23,33,Real Oviedo,Villarreal CF,CONSENSUS_CODERE_STYLE,,Team Total Fouls,local,11.5,0.5442,0.0538,over,1.86,9,0,-1.0
2026042455E25B86,2026-04-24,32,Real Betis Balompié,Real Madrid CF,CODERE,,Total Fouls,total,22.5,0.6063,0.1063,over,1.82,18,0,-1.0
202604251B044739,2026-04-25,32,Getafe CF,FC Barcelona,CONSENSUS_CODERE_STYLE,,Total Fouls,total,23.5,0.5786,0.0567,over,1.75,23,0,-1.0
20260425CED012D3,2026-04-25,32,Valencia CF,Girona FC,CONSENSUS_CODERE_STYLE,,Team Total Fouls,visitante,14.5,0.368,0.1046,under,1.73,8,1,0.73
20260426187A1B14,2026-04-26,32,CA Osasuna,Sevilla FC,CONSENSUS_CODERE_STYLE,,Team Total Fouls,visitante,13.5,0.4068,0.0741,under,1.76,13,1,0.76
20260427C8DDE046,2026-04-27,32,Reial Club Deportiu Espanyol,Levante UD,CODERE,,Total Fouls,total,27.5,0.4379,0.0869,under,1.9,27,1,0.9
20260501D4ED7204,2026-05-01,34,Girona FC,Real Club Deportivo Mallorca,CODERE,,Total Fouls,total,23.5,0.5632,0.0509,over,1.78,33,1,0.78
20260502313DFF53,2026-05-02,34,Valencia CF,Club Atlético de Madrid,CONSENSUS_CODERE_STYLE,,Team Total Fouls,local,11.5,0.4123,0.0591,under,1.73,9,1,0.73
202605026B428402,2026-05-02,34,Deportivo Alavés,Athletic Club Bilbao,CONSENSUS_CODERE_STYLE,,Total Fouls,total,27.5,0.4142,0.0694,under,1.77,21,1,0.77
202605026B428402,2026-05-02,34,Deportivo Alavés,Athletic Club Bilbao,CONSENSUS_CODERE_STYLE,,Team Total Fouls,local,13.5,0.3756,0.0797,under,1.68,8,1,0.68
2026050232D0BB73,2026-05-02,34,CA Osasuna,FC Barcelona,CONSENSUS_CODERE_STYLE,,Total Fouls,total,22.5,0.5759,0.0704,over,1.81,19,0,-1.0
202605031189F519,2026-05-03,34,Real Club Celta de Vigo,Elche CF,CODERE,,Team Total Fouls,local,12.5,0.611,0.1289,over,1.88,14,1,0.88
202605031189F519,2026-05-03,34,Real Club Celta de Vigo,Elche CF,CODERE,,Team Total Fouls,visitante,12.5,0.4579,0.0669,under,1.9,15,0,-1.0
20260503E99F87CA,2026-05-03,34,Getafe CF,Rayo Vallecano,CODERE,,Team Total Fouls,visitante,13.5,0.5357,0.0787,over,2.02,22,1,1.02
20260503C109C30E,2026-05-03,34,Real Betis Balompié,Real Oviedo,CODERE,,Team Total Fouls,local,11.5,0.407,0.1109,under,1.88,9,1,0.88
20260503C109C30E,2026-05-03,34,Real Betis Balompié,Real Oviedo,CODERE,,Team Total Fouls,visitante,13.5,0.5922,0.1171,over,1.9,4,0,-1.0
20260503F65060A2,2026-05-03,34,Reial Club Deportiu Espanyol,Real Madrid CF,CODERE,,Team Total Fouls,local,13.5,0.5855,0.0951,over,1.85,19,1,0.85
20260503F65060A2,2026-05-03,34,Reial Club Deportiu Espanyol,Real Madrid CF,CODERE,,Team Total Fouls,visitante,10.5,0.4415,0.0736,under,1.87,16,0,-1.0
20260514BE6798C7,2026-05-14,36,Girona FC,Real Sociedad de Fútbol,CODERE,,Team Total Fouls,local,11.5,0.4177,0.0553,under,1.75,13,0,-1.0
20260514BE6798C7,2026-05-14,36,Girona FC,Real Sociedad de Fútbol,CODERE,,Team Total Fouls,visitante,14.5,0.5372,0.0748,over,2.0,19,1,1.0
