fraction,n_paths,bets_per_path,median_final,mean_final,p5_final,p25_final,p75_final,p95_final,roi_median,roi_mean,roi_p5,roi_p95,p_ruin,median_max_dd,p95_max_dd,median_sharpe,score
0.1,20000,200,169.4346730320752,170.73210717297607,138.5292426935408,156.00780969480147,184.19265906907114,206.5915110523018,0.6943467303207521,0.7073210717297609,0.385292426935408,1.0659151105230182,0.0,0.05083175230108351,0.08499218380853012,0.3023635414024497,30.3
0.2,20000,200,282.4295181417002,291.12561656399134,188.84505075051214,239.44829450216076,333.8837073465617,419.9750822229375,1.8242951814170025,1.9112561656399139,0.8884505075051214,3.1997508222293756,0.0,0.09993201924382153,0.1645862586726548,0.2864992496675019,68.7
0.25,20000,200,362.4791255346382,379.9804261439917,219.06231629108893,294.89246402597394,446.8033661438907,595.3020888721043,2.6247912553463815,2.7998042614399163,1.1906231629108894,4.953020888721042,0.0,0.1238966192953143,0.20254092595323073,0.27713687219883143,69.6
0.33,20000,200,536.0648664600116,581.5364125746727,275.40729962510807,408.0414178137871,706.3255116901303,1031.7245834234707,4.360648664600116,4.815364125746727,1.7540729962510808,9.317245834234708,0.0,0.16150647849669755,0.2604631124911345,0.2614821624624084,60.9
0.5,20000,200,1189.0180403959725,1432.9463738538557,433.4021729562676,786.2583683571249,1806.4689035069737,3208.754435576246,10.890180403959727,13.329463738538557,3.3340217295626764,31.08754435576246,0.0,0.23801908349264744,0.3733822007717969,0.22880233848310125,44.0
0.75,20000,200,3527.0910453142374,5366.18675113748,774.2867933438185,1895.3058130700451,6604.841248550985,15727.393562425219,34.27091045314238,52.66186751137481,6.742867933438185,156.27393562425218,0.0007,0.3427023002138604,0.5152654969669651,0.1893552097332003,22.7
1.0,20000,200,9478.495660865003,19962.099137810827,1202.9810663971964,4103.319525004617,21893.18307604939,69671.0842809368,93.78495660865002,198.62099137810827,11.029810663971965,695.710842809368,0.0051,0.4378307133751686,0.6304025098959369,0.16027808257224624,5.4
1.5,20000,200,49412.167635323625,271874.1030741722,919.0886177805204,13194.061680218041,177897.28456936323,1022273.7361279054,493.1216763532363,2717.741030741722,8.190886177805202,10221.737361279056,0.0371,0.6002078282686493,0.7925965937183612,0.11955282947227344,0.0
2.0,20000,200,154941.14665168303,3646971.8332407,36.86666641411714,20810.732457944076,930738.477488758,10049659.125082964,1548.4114665168304,36468.718332407,-0.6313333358588286,100495.59125082965,0.10515,0.7168372897888915,0.8898046201876497,0.08789233060145046,0.0
